President_Trump_Job_Approval
url,Poll,Poll_link,Date,Sample,Approve,Disapprove,Spread
https://dyn.realclearpolitics.com/epolls/other/president_trump_job_approval-6179.html,RCP Average,,5/21 - 6/4,--,44.6,52.8,-8.2
https://dyn.realclearpolitics.com/epolls/other/president_trump_job_approval-6179.html,Rasmussen Reports,http://www.rasmussenreports.com/public_content/politics/trump_administration/trump_approval_index_history,5/31 - 6/4,1500 LV,48,50,-2
https://dyn.realclearpolitics.com/epolls/other/president_trump_job_approval-6179.html,Gallup,http://news.gallup.com/poll/203207/trump-job-approval-weekly.aspx?version=print,5/28 - 6/3,1500 A,41,55,-14
https://dyn.realclearpolitics.com/epolls/other/president_trump_job_approval-6179.html,Economist/YouGov,https://d25d2506sfb94s.cloudfront.net/cumulus_uploads/document/v00h5ts0qm/econTabReport.pdf,5/27 - 5/29,1279 RV,45,51,-6
https://dyn.realclearpolitics.com/epolls/other/president_trump_job_approval-6179.html,Reuters/Ipsos,https://www.ipsos.com/en-us/reutersipsos-data-core-political-05302018,5/25 - 5/29,1931 RV,44,53,-9
https://dyn.realclearpolitics.com/epolls/other/president_trump_job_approval-6179.html,Gallup,http://news.gallup.com/poll/203207/trump-job-approval-weekly.aspx?version=print,5/21 - 5/27,1500 A,40,55,-15
https://dyn.realclearpolitics.com/epolls/other/president_trump_job_approval-6179.html,Harvard-Harris,http://harvardharrispoll.com/,5/21 - 5/22,1347 RV,45,55,-10
https://dyn.realclearpolitics.com/epolls/other/president_trump_job_approval-6179.html,Economist/YouGov,https://d25d2506sfb94s.cloudfront.net/cumulus_uploads/document/qkyd98nzy9/econTabReport.pdf,5/20 - 5/22,1263 RV,41,54,-13
https://dyn.realclearpolitics.com/epolls/other/president_trump_job_approval-6179.html,Reuters/Ipsos,https://www.ipsos.com/sites/default/files/ct/news/documents/2018-05/2018-reuters-tracking-core-political-05-23-2018.pdf,5/18 - 5/22,1080 RV,47,51,-4
https://dyn.realclearpolitics.com/epolls/other/president_trump_job_approval-6179.html,Gallup,http://news.gallup.com/poll/203207/trump-job-approval-weekly.aspx?version=print,5/14 - 5/20,1500 A,42,54,-12
https://dyn.realclearpolitics.com/epolls/other/president_trump_job_approval-6179.html,Economist/YouGov,https://d25d2506sfb94s.cloudfront.net/cumulus_uploads/document/k7xf72pn0o/econTabReport.pdf,5/13 - 5/15,1231 RV,44,52,-8
https://dyn.realclearpolitics.com/epolls/other/president_trump_job_approval-6179.html,Reuters/Ipsos,https://www.ipsos.com/sites/default/files/ct/news/documents/2018-05/2018_reuters_tracking_-_core_political_05_16_2018.pdf,5/11 - 5/15,1290 RV,46,53,-7
https://dyn.realclearpolitics.com/epolls/other/president_trump_job_approval-6179.html,Gallup,http://news.gallup.com/poll/203207/trump-job-approval-weekly.aspx?version=print,5/7 - 5/13,1500 A,43,52,-9
https://dyn.realclearpolitics.com/epolls/other/president_trump_job_approval-6179.html,Economist/YouGov,https://d25d2506sfb94s.cloudfront.net/cumulus_uploads/document/kwgrow0dna/econTabReport.pdf,5/6 - 5/8,1232 RV,44,52,-8
https://dyn.realclearpolitics.com/epolls/other/president_trump_job_approval-6179.html,Reuters/Ipsos,https://www.realclearpolitics.com/docs/2018_Reuters_Tracking_-_Core_Political_05_09_2018.pdf,5/4 - 5/8,1171 RV,45,53,-8
https://dyn.realclearpolitics.com/epolls/other/president_trump_job_approval-6179.html,CBS News,https://drive.google.com/file/d/0ByVu4fDHYJgVbmhmTGF0VlNpMElEaXdOM3F5eER3clZSNXVN/view,5/3 - 5/6,1101 A,40,55,-15
https://dyn.realclearpolitics.com/epolls/other/president_trump_job_approval-6179.html,CNN,https://www.realclearpolitics.com/docs/CNN_May_7_2018.pdf,5/2 - 5/5,901 RV,44,51,-7
https://dyn.realclearpolitics.com/epolls/other/president_trump_job_approval-6179.html,Gallup,http://news.gallup.com/poll/203207/trump-job-approval-weekly.aspx?version=print,4/30 - 5/6,1500 A,42,52,-10
https://dyn.realclearpolitics.com/epolls/other/president_trump_job_approval-6179.html,IBD/TIPP,https://www.investors.com/politics/trump-impeachment-approval-rating-economy-quality-of-life-ibd-tipp-poll/,4/26 - 5/4,900 A,38,56,-18
https://dyn.realclearpolitics.com/epolls/other/president_trump_job_approval-6179.html,Economist/YouGov,https://d25d2506sfb94s.cloudfront.net/cumulus_uploads/document/fojcpi55bv/econTabReport.pdf,4/29 - 5/1,1273 RV,44,53,-9
https://dyn.realclearpolitics.com/epolls/other/president_trump_job_approval-6179.html,Reuters/Ipsos,https://www.ipsos.com/en-us/news-polls/reuters-ipsos-data-core-political-2018-05-04,4/27 - 5/1,1337 RV,49,49,Tie
https://dyn.realclearpolitics.com/epolls/other/president_trump_job_approval-6179.html,Pew Research,http://assets.pewresearch.org/wp-content/uploads/sites/5/2018/05/03134750/05-03-18-political-topline-for-release.pdf,4/25 - 5/1,1221 RV,42,54,-12
https://dyn.realclearpolitics.com/epolls/other/president_trump_job_approval-6179.html,Monmouth,https://www.realclearpolitics.com/docs/Monmouth_RV.pdf,4/26 - 4/30,681 RV,45,48,-3
https://dyn.realclearpolitics.com/epolls/other/president_trump_job_approval-6179.html,Gallup,http://news.gallup.com/poll/203207/trump-job-approval-weekly.aspx?version=print,4/23 - 4/29,1500 A,42,53,-11
https://dyn.realclearpolitics.com/epolls/other/president_trump_job_approval-6179.html,Harvard-Harris,http://harvardharrispoll.com/wp-content/uploads/2018/04/Final_HHP_April2018_RegisteredVoters_Topline_Memo.pdf,4/22 - 4/24,1549 RV,44,56,-12
https://dyn.realclearpolitics.com/epolls/other/president_trump_job_approval-6179.html,FOX News,http://www.foxnews.com/politics/2018/04/25/fox-news-poll-mueller-likely-to-find-trump-offenses-trump-likely-to-fire-him.html,4/22 - 4/24,1014 RV,44,53,-9
https://dyn.realclearpolitics.com/epolls/other/president_trump_job_approval-6179.html,Economist/YouGov,https://d25d2506sfb94s.cloudfront.net/cumulus_uploads/document/a849k68e2i/econTabReport.pdf,4/22 - 4/24,1270 RV,43,53,-10
https://dyn.realclearpolitics.com/epolls/other/president_trump_job_approval-6179.html,Quinnipiac,https://poll.qu.edu/national/release-detail?ReleaseID=2538,4/20 - 4/24,1193 RV,39,54,-15
https://dyn.realclearpolitics.com/epolls/other/president_trump_job_approval-6179.html,Reuters/Ipsos,https://www.ipsos.com/en-us/news-polls/reuters-ipsos-data-core-political-2018-04-25,4/20 - 4/24,1248 RV,41,55,-14
https://dyn.realclearpolitics.com/epolls/other/president_trump_job_approval-6179.html,Gallup,http://news.gallup.com/poll/203207/trump-job-approval-weekly.aspx?version=print,4/16 - 4/18,1500 A,38,57,-19
https://dyn.realclearpolitics.com/epolls/other/president_trump_job_approval-6179.html,Economist/YouGov,https://d25d2506sfb94s.cloudfront.net/cumulus_uploads/document/4l31gznvf1/econTabReport.pdf,4/15 - 4/17,1274 RV,42,55,-13
https://dyn.realclearpolitics.com/epolls/other/president_trump_job_approval-6179.html,Reuters/Ipsos,https://www.ipsos.com/en-us/news-and-polls/overview,4/13 - 4/17,1238 RV,41,56,-15
https://dyn.realclearpolitics.com/epolls/other/president_trump_job_approval-6179.html,NPR/PBS/Marist,http://maristpoll.marist.edu/wp-content/misc/usapolls/us180410/Complete%20Survey%20Findings_NPR_PBS%20NewsHour_Marist%20Poll_Congress_Trump%20Approval_April%202018.pdf,4/10 - 4/13,827 RV,39,54,-15
https://dyn.realclearpolitics.com/epolls/other/president_trump_job_approval-6179.html,Gallup,http://news.gallup.com/poll/203207/trump-job-approval-weekly.aspx?version=print,4/9 - 4/15,1500 A,39,55,-16
https://dyn.realclearpolitics.com/epolls/other/president_trump_job_approval-6179.html,ABC News/Wash Post,https://www.washingtonpost.com/page/2010-2019/WashingtonPost/2018/04/15/National-Politics/Polling/question_20281.xml?uuid=fsPgnECTEeiy3LCkA-RyCg,4/8 - 4/11,865 RV,44,54,-10
https://dyn.realclearpolitics.com/epolls/other/president_trump_job_approval-6179.html,NBC News/Wall St. Jrnl,http://msnbcmedia.msn.com/i/TODAY/z_Creative/NBCWSJAprilPoll41518Release.pdf,4/8 - 4/11,900 A,39,57,-18
https://dyn.realclearpolitics.com/epolls/other/president_trump_job_approval-6179.html,Economist/YouGov,https://d25d2506sfb94s.cloudfront.net/cumulus_uploads/document/3g689cgf7m/econTabReport.pdf,4/8 - 4/10,1292 RV,42,53,-11
https://dyn.realclearpolitics.com/epolls/other/president_trump_job_approval-6179.html,Reuters/Ipsos,https://www.ipsos.com/sites/default/files/ct/news/documents/2018-04/2018_reuters_tracking_-_core_political_04_11_2018.pdf,4/6 - 4/10,1219 RV,39,58,-19
https://dyn.realclearpolitics.com/epolls/other/president_trump_job_approval-6179.html,Quinnipiac,https://poll.qu.edu/national/release-detail?ReleaseID=2534,4/6 - 4/9,1181 RV,41,52,-11
https://dyn.realclearpolitics.com/epolls/other/president_trump_job_approval-6179.html,Gallup,http://news.gallup.com/poll/203207/trump-job-approval-weekly.aspx?version=print,4/2 - 4/8,1500 A,41,54,-13
https://dyn.realclearpolitics.com/epolls/other/president_trump_job_approval-6179.html,Economist/YouGov,https://d25d2506sfb94s.cloudfront.net/cumulus_uploads/document/maf7idof71/econTabReport.pdf,4/1 - 4/3,1246 RV,41,55,-14
https://dyn.realclearpolitics.com/epolls/other/president_trump_job_approval-6179.html,Reuters/Ipsos,https://www.ipsos.com/en-us/news-polls/reuters-ipsos-data-core-political-2018-04-04,3/30 - 4/3,1519 RV,41,56,-15
https://dyn.realclearpolitics.com/epolls/other/president_trump_job_approval-6179.html,Harvard-Harris,http://harvardharrispoll.com/wp-content/uploads/2018/04/Final_HHP_March2018_RegisteredVoters_Topline_Memo.pdf,3/27 - 3/29,1340 RV,44,56,-12
https://dyn.realclearpolitics.com/epolls/other/president_trump_job_approval-6179.html,Gallup,http://news.gallup.com/poll/203207/trump-job-approval-weekly.aspx?version=print,3/25 - 3/31,1500 A,39,55,-16
https://dyn.realclearpolitics.com/epolls/other/president_trump_job_approval-6179.html,Economist/YouGov,https://d25d2506sfb94s.cloudfront.net/cumulus_uploads/document/4e7f92zbz6/econTabReport.pdf,3/25 - 3/27,1330 RV,41,54,-13
https://dyn.realclearpolitics.com/epolls/other/president_trump_job_approval-6179.html,Reuters/Ipsos,https://www.ipsos.com/sites/default/files/ct/news/documents/2018-03/2018_reuters_tracking_-_core_political_03_28_2018.pdf,3/23 - 3/27,1392 RV,41,55,-14
https://dyn.realclearpolitics.com/epolls/other/president_trump_job_approval-6179.html,IBD/TIPP,https://www.investors.com/politics/trump-approval-unemployment-ibd-tipp-poll/,3/22 - 3/29,902 A,38,56,-18
https://dyn.realclearpolitics.com/epolls/other/president_trump_job_approval-6179.html,CNN,https://www.realclearpolitics.com/docs/CNN_March_26_2018_RV_1.pdf,3/22 - 3/25,913 RV,43,53,-10
https://dyn.realclearpolitics.com/epolls/other/president_trump_job_approval-6179.html,PPP (D),https://www.publicpolicypolling.com/wp-content/uploads/2018/03/PPP_Release_National_32718.pdf,3/23 - 3/25,846 RV,39,54,-15
https://dyn.realclearpolitics.com/epolls/other/president_trump_job_approval-6179.html,Gallup,http://news.gallup.com/poll/203207/trump-job-approval-weekly.aspx?version=print,3/19 - 3/25,1500 A,39,55,-16
https://dyn.realclearpolitics.com/epolls/other/president_trump_job_approval-6179.html,Marist,http://maristpoll.marist.edu/wp-content/misc/usapolls/us180320_KOC/Marist%20Poll%20National%20Nature%20of%20the%20Sample%20and%20Tables_March%2023.%202018.pdf,3/19 - 3/21,1015 RV,42,51,-9
https://dyn.realclearpolitics.com/epolls/other/president_trump_job_approval-6179.html,FOX News,http://www.foxnews.com/politics/interactive/2018/03/25/fox-news-poll-results-325.html,3/18 - 3/21,1014 RV,45,52,-7
https://dyn.realclearpolitics.com/epolls/other/president_trump_job_approval-6179.html,Economist/YouGov,https://d25d2506sfb94s.cloudfront.net/cumulus_uploads/document/p86tnmatk6/econTabReport.pdf,3/18 - 3/20,1284 RV,41,54,-13
https://dyn.realclearpolitics.com/epolls/other/president_trump_job_approval-6179.html,CNBC,https://www.realclearpolitics.com/docs/CNBC_March_27_2018.pdf,3/17 - 3/20,801 A,39,50,-11
https://dyn.realclearpolitics.com/epolls/other/president_trump_job_approval-6179.html,Quinnipiac,https://poll.qu.edu/national/release-detail?ReleaseID=2529,3/16 - 3/20,1291 RV,40,53,-13
https://dyn.realclearpolitics.com/epolls/other/president_trump_job_approval-6179.html,Reuters/Ipsos,https://www.ipsos.com/en-us/news-polls/reuters-ipsos-data-core-political-2018-03-21,3/16 - 3/20,1337 RV,44,52,-8
https://dyn.realclearpolitics.com/epolls/other/president_trump_job_approval-6179.html,Gallup,http://news.gallup.com/poll/203207/trump-job-approval-weekly.aspx?version=print,3/12 - 3/18,1500 A,40,56,-16
https://dyn.realclearpolitics.com/epolls/other/president_trump_job_approval-6179.html,NBC News/Wall St. Jrnl,http://msnbcmedia.msn.com/i/TODAY/z_Creative/18164%20NBCWSJ%20March%202018%20Social%20Trends%20Poll%20(Political%20Data%20Release).pdf,3/10 - 3/14,1100 A,43,53,-10
https://dyn.realclearpolitics.com/epolls/other/president_trump_job_approval-6179.html,Economist/YouGov,https://d25d2506sfb94s.cloudfront.net/cumulus_uploads/document/y3tke5cxwy/econTabReport.pdf,3/10 - 3/13,1291 RV,42,54,-12
https://dyn.realclearpolitics.com/epolls/other/president_trump_job_approval-6179.html,Pew Research,http://www.pewresearch.org/fact-tank/2018/03/15/disagreements-about-trump-widely-seen-as-reflecting-divides-over-other-values-and-goals/,3/7 - 3/14,RV,42,53,-11
https://dyn.realclearpolitics.com/epolls/other/president_trump_job_approval-6179.html,Reuters/Ipsos,https://www.ipsos.com/sites/default/files/ct/news/documents/2018-03/2018_reuters_tracking_-_core_political_03_14_2018_0.pdf,3/9 - 3/13,1411 A,39,56,-17
https://dyn.realclearpolitics.com/epolls/other/president_trump_job_approval-6179.html,CBS News,https://www.cbsnews.com/news/approval-of-trumps-handling-of-north-korea-increases-cbs-news-poll/,3/8 - 3/11,1223 A,38,57,-19
https://dyn.realclearpolitics.com/epolls/other/president_trump_job_approval-6179.html,Gallup,http://news.gallup.com/poll/203207/trump-job-approval-weekly.aspx?version=print,3/5 - 3/11,1500 A,39,56,-17
https://dyn.realclearpolitics.com/epolls/other/president_trump_job_approval-6179.html,GWU/Battleground,https://mediarelations.gwu.edu/sites/mediarelations.gwu.edu/files/GWBattlegroundPoll63-questionnaire.pdf,3/4 - 3/8,1000 RV,42,55,-13
https://dyn.realclearpolitics.com/epolls/other/president_trump_job_approval-6179.html,Marist,"http://maristpoll.marist.edu/wp-content/misc/usapolls/us180305/Marist%20Poll%20National%20Nature%20of%20the%20Sample%20and%20Tables_March%208,%202018.pdf",3/5 - 3/6,867 RV,44,49,-5
https://dyn.realclearpolitics.com/epolls/other/president_trump_job_approval-6179.html,Economist/YouGov,https://d25d2506sfb94s.cloudfront.net/cumulus_uploads/document/zq33h2ipcl/econTabReport.pdf,3/4 - 3/6,1310 RV,41,54,-13
https://dyn.realclearpolitics.com/epolls/other/president_trump_job_approval-6179.html,Quinnipiac,https://poll.qu.edu/national/release-detail?ReleaseID=2526,3/3 - 3/5,1122 RV,38,56,-18
https://dyn.realclearpolitics.com/epolls/other/president_trump_job_approval-6179.html,Monmouth,https://www.monmouth.edu/polling-institute/documents/monmouthpoll_us_030718.pdf/,3/2 - 3/5,708 RV,40,54,-14
https://dyn.realclearpolitics.com/epolls/other/president_trump_job_approval-6179.html,Reuters/Ipsos,https://www.ipsos.com/sites/default/files/ct/news/documents/2018-03/2018_reuters_tracking_-_core_political_03_07_2018.pdf,3/2 - 3/6,2927 A,40,54,-14
https://dyn.realclearpolitics.com/epolls/other/president_trump_job_approval-6179.html,Gallup,http://news.gallup.com/poll/203207/trump-job-approval-weekly.aspx?version=print,2/26 - 3/4,1500 A,39,55,-16
https://dyn.realclearpolitics.com/epolls/other/president_trump_job_approval-6179.html,IBD/TIPP,https://www.investors.com/politics/trump-approval-edges-up-as-financial-stress-hits-new-low-ibdtipp-poll/,2/22 - 3/1,901 A,37,58,-21
https://dyn.realclearpolitics.com/epolls/other/president_trump_job_approval-6179.html,Economist/YouGov,https://d25d2506sfb94s.cloudfront.net/cumulus_uploads/document/h8n9gvrqyj/econTabReport.pdf,2/25 - 2/27,1296 RV,44,53,-9
https://dyn.realclearpolitics.com/epolls/other/president_trump_job_approval-6179.html,Reuters/Ipsos,https://www.ipsos.com/en-us/news-polls/reuters-ipsos-core-political-2018-02-28,2/23 - 2/27,1651 A,40,56,-16
https://dyn.realclearpolitics.com/epolls/other/president_trump_job_approval-6179.html,Gallup,http://news.gallup.com/poll/203207/trump-job-approval-weekly.aspx?version=print,2/19 - 2/25,1500 A,39,56,-17
https://dyn.realclearpolitics.com/epolls/other/president_trump_job_approval-6179.html,USA Today/Suffolk,https://www.usatoday.com/story/news/2018/02/25/poll-americans-support-tougher-gun-laws-dont-expect-congress-act/371104002/,2/20 - 2/24,1000 RV,38,60,-22
https://dyn.realclearpolitics.com/epolls/other/president_trump_job_approval-6179.html,CNN,https://www.realclearpolitics.com/docs/CNN_RV_.pdf,2/20 - 2/23,909 RV,39,56,-17
https://dyn.realclearpolitics.com/epolls/other/president_trump_job_approval-6179.html,Marist,"http://maristpoll.marist.edu/wp-content/misc/usapolls/us180220/Marist%20Poll_National%20Nature%20of%20the%20Sample%20and%20Tables_February%2023,%202018.pdf",2/20 - 2/21,819 RV,40,53,-13
https://dyn.realclearpolitics.com/epolls/other/president_trump_job_approval-6179.html,Economist/YouGov,https://d25d2506sfb94s.cloudfront.net/cumulus_uploads/document/57yxejgrmo/econTabReport.pdf,2/18 - 2/20,1308 RV,44,51,-7
https://dyn.realclearpolitics.com/epolls/other/president_trump_job_approval-6179.html,Reuters/Ipsos,https://www.ipsos.com/en-us/news-polls/reuters-ipsos-core-political-2018-02-21,2/16 - 2/20,1104 A,40,55,-15
https://dyn.realclearpolitics.com/epolls/other/president_trump_job_approval-6179.html,Quinnipiac,https://poll.qu.edu/national/release-detail?ReleaseID=2522,2/16 - 2/19,1249 RV,37,58,-21
https://dyn.realclearpolitics.com/epolls/other/president_trump_job_approval-6179.html,Harvard-Harris,http://harvardharrispoll.com/wp-content/uploads/2018/02/Final_HHP_20Feb2018_RegisteredVoters_Topline_Memo.pdf,2/16 - 2/19,1934 RV,45,55,-10
https://dyn.realclearpolitics.com/epolls/other/president_trump_job_approval-6179.html,Gallup,http://news.gallup.com/poll/203207/trump-job-approval-weekly.aspx?version=print,2/12 - 2/18,1500 A,37,59,-22
https://dyn.realclearpolitics.com/epolls/other/president_trump_job_approval-6179.html,Economist/YouGov,https://d25d2506sfb94s.cloudfront.net/cumulus_uploads/document/bs88nyx7rs/econTabReport.pdf,2/11 - 2/13,1280 RV,45,50,-5
https://dyn.realclearpolitics.com/epolls/other/president_trump_job_approval-6179.html,FOX News,http://www.foxnews.com/politics/interactive/2018/02/14/fox-news-poll-document-214.html,2/10 - 2/13,1005 RV,43,53,-10
https://dyn.realclearpolitics.com/epolls/other/president_trump_job_approval-6179.html,Reuters/Ipsos,https://www.ipsos.com/sites/default/files/ct/news/documents/2018-02/2018_reuters_tracking_-_core_political_02_14_2018.pdf,2/9 - 2/13,1515 A,39,54,-15
https://dyn.realclearpolitics.com/epolls/other/president_trump_job_approval-6179.html,PPP (D),https://www.publicpolicypolling.com/wp-content/uploads/2018/02/PPP_Release_National_21418.pdf,2/9 - 2/11,687 RV,44,50,-6
https://dyn.realclearpolitics.com/epolls/other/president_trump_job_approval-6179.html,Gallup,http://news.gallup.com/poll/203207/trump-job-approval-weekly.aspx,2/5 - 2/11,1500 A,40,57,-17
https://dyn.realclearpolitics.com/epolls/other/president_trump_job_approval-6179.html,Marist,http://maristpoll.marist.edu/wp-content/misc/usapolls/us180205/Marist%20Poll_National%20Nature%20of%20the%20Sample%20and%20Tables_February%202018.pdf,2/5 - 2/7,807 RV,39,56,-17
https://dyn.realclearpolitics.com/epolls/other/president_trump_job_approval-6179.html,Economist/YouGov,https://d25d2506sfb94s.cloudfront.net/cumulus_uploads/document/5qt1ka60gv/econTabReport.pdf,2/4 - 2/6,1320 RV,45,53,-8
https://dyn.realclearpolitics.com/epolls/other/president_trump_job_approval-6179.html,Reuters/Ipsos,https://www.ipsos.com/en-us/reutersipsos-data-core-political-272018,2/2 - 2/6,3110 A,40,54,-14
https://dyn.realclearpolitics.com/epolls/other/president_trump_job_approval-6179.html,Quinnipiac,https://poll.qu.edu/national/release-detail?ReleaseID=2518,2/2 - 2/5,1333 RV,40,55,-15
https://dyn.realclearpolitics.com/epolls/other/president_trump_job_approval-6179.html,Gallup,http://news.gallup.com/poll/203207/trump-job-approval-weekly.aspx?version=print,1/29 - 2/4,1500 A,40,57,-17
https://dyn.realclearpolitics.com/epolls/other/president_trump_job_approval-6179.html,IBD/TIPP,https://www.investors.com/politics/tax-cut-popularity-surges-trump-approval-2018-elections/,1/25 - 2/2,900 A,35,58,-23
https://dyn.realclearpolitics.com/epolls/other/president_trump_job_approval-6179.html,Monmouth,https://www.monmouth.edu/polling-institute/reports/MonmouthPoll_US_013118/,1/28 - 1/30,711 RV,44,48,-4
https://dyn.realclearpolitics.com/epolls/other/president_trump_job_approval-6179.html,Economist/YouGov,https://d25d2506sfb94s.cloudfront.net/cumulus_uploads/document/81kgdte5zw/econTabReport.pdf,1/28 - 1/30,1264 RV,44,53,-9
https://dyn.realclearpolitics.com/epolls/other/president_trump_job_approval-6179.html,Reuters/Ipsos,https://www.ipsos.com/en-us/reutersipsos-data-core-political-01312018,1/26 - 1/30,1856 A,41,53,-12
https://dyn.realclearpolitics.com/epolls/other/president_trump_job_approval-6179.html,Gallup,http://news.gallup.com/poll/203207/trump-job-approval-weekly.aspx?version=print,1/21 - 1/28,1500 A,38,58,-20
https://dyn.realclearpolitics.com/epolls/other/president_trump_job_approval-6179.html,FOX News,https://andersonrobbins.com/wp-content/uploads/2018/01/012418_national_january-24-release.pdf,1/21 - 1/23,1002 RV,45,53,-8
https://dyn.realclearpolitics.com/epolls/other/president_trump_job_approval-6179.html,Economist/YouGov,https://d25d2506sfb94s.cloudfront.net/cumulus_uploads/document/sqnlgzhr9l/econTabReport.pdf,1/21 - 1/23,1301 RV,43,54,-11
https://dyn.realclearpolitics.com/epolls/other/president_trump_job_approval-6179.html,Reuters/Ipsos,https://www.ipsos.com/en-us/news-polls/reuters-ipsos-core-political-2018-01-24,1/19 - 1/23,2981 A,37,59,-22
https://dyn.realclearpolitics.com/epolls/other/president_trump_job_approval-6179.html,Quinnipiac,https://poll.qu.edu/national/release-detail?ReleaseID=2516,1/19 - 1/23,1245 RV,36,58,-22
https://dyn.realclearpolitics.com/epolls/other/president_trump_job_approval-6179.html,Gallup,http://news.gallup.com/poll/203207/trump-job-approval-weekly.aspx?version=print,1/15 - 1/21,1500 A,36,59,-23
https://dyn.realclearpolitics.com/epolls/other/president_trump_job_approval-6179.html,Harvard-Harris,http://harvardharrispoll.com/wp-content/uploads/2018/01/Final_HHP_Jan2018-Refield_RegisteredVoters_XTab.pdf,1/17 - 1/19,980 RV,44,56,-12
https://dyn.realclearpolitics.com/epolls/other/president_trump_job_approval-6179.html,ABC News/Wash Post,https://www.washingtonpost.com/page/2010-2019/WashingtonPost/2018/01/21/National-Politics/Polling/question_19698.xml?uuid=8nptHP5nEeebXbvw2jEhTQ,1/15 - 1/18,846 RV,38,58,-20
https://dyn.realclearpolitics.com/epolls/other/president_trump_job_approval-6179.html,CNN,http://cdn.cnn.com/cnn/2018/images/01/19/rel1a-trump2c.shutdown2c.immigration.pdf,1/14 - 1/18,RV,43,53,-10
https://dyn.realclearpolitics.com/epolls/other/president_trump_job_approval-6179.html,Economist/YouGov,https://d25d2506sfb94s.cloudfront.net/cumulus_uploads/document/gcv50vr08k/econTabReport.pdf,1/14 - 1/16,1311 RV,42,54,-12
https://dyn.realclearpolitics.com/epolls/other/president_trump_job_approval-6179.html,NBC News/Wall St. Jrnl,https://www.nbcnews.com/politics/first-read/poll-more-half-americans-strongly-disapprove-trump-n838926,1/13 - 1/17,900 A,39,57,-18
https://dyn.realclearpolitics.com/epolls/other/president_trump_job_approval-6179.html,Harvard-Harris,http://thehill.com/homenews/administration/369603-poll-trump-job-approval-hovers-near-low-point,1/13 - 1/16,1192 RV,42,58,-16
https://dyn.realclearpolitics.com/epolls/other/president_trump_job_approval-6179.html,CBS News,https://www.realclearpolitics.com/docs/Jan18b-Trump-1year.pdf,1/13 - 1/16,1225 A,37,58,-21
https://dyn.realclearpolitics.com/epolls/other/president_trump_job_approval-6179.html,Quinnipiac,https://poll.qu.edu/national/release-detail?ReleaseID=2513,1/12 - 1/16,1212 RV,38,57,-19
https://dyn.realclearpolitics.com/epolls/other/president_trump_job_approval-6179.html,Reuters/Ipsos,https://www.ipsos.com/en-us/reutersipsos-data-core-political-1172018,1/12 - 1/16,1638 A,39,56,-17
https://dyn.realclearpolitics.com/epolls/other/president_trump_job_approval-6179.html,Pew Research,http://www.people-press.org/2018/01/18/public-sees-better-year-ahead-democrats-sharpen-focus-on-midterm-elections/,1/10 - 1/15,1215 RV,39,55,-16
https://dyn.realclearpolitics.com/epolls/other/president_trump_job_approval-6179.html,Gallup,http://news.gallup.com/poll/203207/trump-job-approval-weekly.aspx?version=print,1/8 - 1/14,1500 A,38,57,-19
https://dyn.realclearpolitics.com/epolls/other/president_trump_job_approval-6179.html,Emerson,https://gallery.mailchimp.com/5d83bc45f4839ff4fb96bb8b8/files/e8436254-226b-4b8d-8ab9-8bd520324159/ECP_national_1.12.18.pdf,1/8 - 1/11,600 RV,39,52,-13
https://dyn.realclearpolitics.com/epolls/other/president_trump_job_approval-6179.html,NPR/PBS/Marist,http://maristpoll.marist.edu/wp-content/misc/usapolls/us180108_PBS_NPR/NPR_PBS%20NewsHour_Marist%20Poll_National%20Nature%20of%20the%20Sample%20and%20Tables_Trump_January%202018.pdf#page=3,1/8 - 1/10,1092 RV,40,51,-11
https://dyn.realclearpolitics.com/epolls/other/president_trump_job_approval-6179.html,Economist/YouGov,https://d25d2506sfb94s.cloudfront.net/cumulus_uploads/document/wtt95as3fo/econTabReport.pdf,1/8 - 1/9,1327 RV,42,54,-12
https://dyn.realclearpolitics.com/epolls/other/president_trump_job_approval-6179.html,Quinnipiac,https://poll.qu.edu/national/release-detail?ReleaseID=2511,1/5 - 1/9,1106 RV,36,59,-23
https://dyn.realclearpolitics.com/epolls/other/president_trump_job_approval-6179.html,Reuters/Ipsos,https://www.ipsos.com/en-us/reutersipsos-data-core-political-1102018,1/5 - 1/9,1616 A,41,55,-14
https://dyn.realclearpolitics.com/epolls/other/president_trump_job_approval-6179.html,IBD/TIPP,https://www.investors.com/politics/everything-is-looking-up-except-for-trumps-approval-rating-ibdtipp-poll/,1/2 - 1/10,901 A,35,58,-23
https://dyn.realclearpolitics.com/epolls/other/president_trump_job_approval-6179.html,Gallup,http://news.gallup.com/poll/203207/trump-job-approval-weekly.aspx?version=print,1/2 - 1/7,1500 A,37,58,-21
https://dyn.realclearpolitics.com/epolls/other/president_trump_job_approval-6179.html,Economist/YouGov,https://d25d2506sfb94s.cloudfront.net/cumulus_uploads/document/fzbo62v6dm/econTabReport.pdf,12/31 - 1/2,1277 RV,43,54,-11
https://dyn.realclearpolitics.com/epolls/other/president_trump_job_approval-6179.html,Reuters/Ipsos,https://www.realclearpolitics.com/docs/2017_reuters_tracking_-_core_political_01_03_2018.pdf,12/29 - 1/2,1770 A,41,54,-13
https://dyn.realclearpolitics.com/epolls/other/president_trump_job_approval-6179.html,Gallup,http://www.gallup.com/poll/201617/gallup-daily-trump-job-approval.aspx,12/28 - 12/30,1500 A,40,55,-15
https://dyn.realclearpolitics.com/epolls/other/president_trump_job_approval-6179.html,Economist/YouGov,https://d25d2506sfb94s.cloudfront.net/cumulus_uploads/document/qbrcp8y3ab/trackingreport.pdf,12/24 - 12/26,1004 RV,43,53,-10
https://dyn.realclearpolitics.com/epolls/other/president_trump_job_approval-6179.html,Economist/YouGov,https://d25d2506sfb94s.cloudfront.net/cumulus_uploads/document/d4v1jp5sni/econTabReport.pdf,12/17 - 12/19,1291 RV,41,55,-14
https://dyn.realclearpolitics.com/epolls/other/president_trump_job_approval-6179.html,Reuters/Ipsos,http://www.realclearpolitics.com/docs/2017_Reuters_Tracking_-_Core_Political_12_20_2017.pdf,12/15 - 12/19,2492 A,35,60,-25
https://dyn.realclearpolitics.com/epolls/other/president_trump_job_approval-6179.html,CNN,http://cdn.cnn.com/cnn/2017/images/12/18/rel12a.-.trump.and.taxes.pdf,12/14 - 12/17,898 RV,36,59,-23
https://dyn.realclearpolitics.com/epolls/other/president_trump_job_approval-6179.html,Quinnipiac,https://poll.qu.edu/national/release-detail?ReleaseID=2509,12/13 - 12/18,1230 RV,37,59,-22
https://dyn.realclearpolitics.com/epolls/other/president_trump_job_approval-6179.html,NBC News/Wall St. Jrnl,http://msnbcmedia.msn.com/i/MSNBC/Sections/17505%20NBCWSJ%20December%20Poll%20(12-17-17%20Release).pdf,12/13 - 12/15,900 A,41,56,-15
https://dyn.realclearpolitics.com/epolls/other/president_trump_job_approval-6179.html,PPP (D),https://www.publicpolicypolling.com/wp-content/uploads/2017/12/PPP_Release_National_121417.pdf,12/11 - 12/12,862 RV,41,56,-15
https://dyn.realclearpolitics.com/epolls/other/president_trump_job_approval-6179.html,CNBC,https://www.cnbc.com/2017/12/18/economic-optimism-soaring-helping-trump-cnbc-survey.html,12/10 - 12/13,800 A,42,49,-7
https://dyn.realclearpolitics.com/epolls/other/president_trump_job_approval-6179.html,Economist/YouGov,https://d25d2506sfb94s.cloudfront.net/cumulus_uploads/document/gptk5yjub1/econTabReport.pdf,12/10 - 12/12,1338 RV,41,54,-13
https://dyn.realclearpolitics.com/epolls/other/president_trump_job_approval-6179.html,Monmouth,https://www.monmouth.edu/polling-institute/reports/MonmouthPoll_US_121317/,12/10 - 12/12,702 RV,33,59,-26
https://dyn.realclearpolitics.com/epolls/other/president_trump_job_approval-6179.html,Reuters/Ipsos,https://www.realclearpolitics.com/docs/2017_Reuters_Tracking_-_Core_Political_12_13_2017.pdf,12/8 - 12/12,1457 A,33,61,-28
https://dyn.realclearpolitics.com/epolls/other/president_trump_job_approval-6179.html,Harvard-Harris,http://harvardharrispoll.com/wp-content/uploads/2017/12/Final-HHP-December_Registered-Voters_Topline-Memo.pdf,12/8 - 12/11,1989 RV,41,59,-18
https://dyn.realclearpolitics.com/epolls/other/president_trump_job_approval-6179.html,Quinnipiac,https://poll.qu.edu/national/release-detail?ReleaseID=2507,12/6 - 12/11,1211 RV,37,57,-20
https://dyn.realclearpolitics.com/epolls/other/president_trump_job_approval-6179.html,Marist,http://maristpoll.marist.edu/wp-content/misc/usapolls/us171204_KoC/Marist%20Poll%20National%20Nature%20of%20the%20Sample%20and%20Tables_December%202017.pdf,12/4 - 12/7,1079 RV,39,55,-16
https://dyn.realclearpolitics.com/epolls/other/president_trump_job_approval-6179.html,CBS News,https://www.realclearpolitics.com/docs/CBS_News_Dec_7th_2017.pdf,12/3 - 12/5,1120 A,36,57,-21
https://dyn.realclearpolitics.com/epolls/other/president_trump_job_approval-6179.html,Economist/YouGov,https://d25d2506sfb94s.cloudfront.net/cumulus_uploads/document/jhdmzhxe6k/econTabReport.pdf,12/3 - 12/5,1341 RV,43,52,-9
https://dyn.realclearpolitics.com/epolls/other/president_trump_job_approval-6179.html,Reuters/Ipsos,http://www.realclearpolitics.com/docs/2017_Reuters_Tracking_-_Core_Political_12_6_2017.pdf,12/1 - 12/5,1548 A,37,59,-22
https://dyn.realclearpolitics.com/epolls/other/president_trump_job_approval-6179.html,Quinnipiac,https://poll.qu.edu/national/release-detail?ReleaseID=2504,11/29 - 12/4,1508 RV,35,58,-23
https://dyn.realclearpolitics.com/epolls/other/president_trump_job_approval-6179.html,Pew Research,http://www.people-press.org/2017/12/07/stark-partisan-divisions-over-russia-probe-including-its-importance-to-the-nation/2/#methodology,11/29 - 12/4,RV,34,62,-28
https://dyn.realclearpolitics.com/epolls/other/president_trump_job_approval-6179.html,IBD/TIPP,https://www.investors.com/politics/trumps-approval-rating-holds-steady-53-say-economy-is-improving-ibdtipp-poll/,11/27 - 12/4,901 A,36,59,-23
https://dyn.realclearpolitics.com/epolls/other/president_trump_job_approval-6179.html,Economist/YouGov,https://d25d2506sfb94s.cloudfront.net/cumulus_uploads/document/8hs5rikuhd/econTabReport.pdf,11/26 - 11/28,1319 RV,43,53,-10
https://dyn.realclearpolitics.com/epolls/other/president_trump_job_approval-6179.html,Reuters/Ipsos,https://www.realclearpolitics.com/docs/2017_Reuters_Tracking_-_Core_Political_11_29_2017.pdf,11/24 - 11/28,1969 A,38,57,-19
https://dyn.realclearpolitics.com/epolls/other/president_trump_job_approval-6179.html,Economist/YouGov,https://d25d2506sfb94s.cloudfront.net/cumulus_uploads/document/g5yvmbyxrd/econTabReport.pdf,11/19 - 11/21,1344 RV,40,55,-15
https://dyn.realclearpolitics.com/epolls/other/president_trump_job_approval-6179.html,Reuters/Ipsos,https://www.realclearpolitics.com/docs/2017_Reuters_Tracking_-_Core_Political_11_22_2017.pdf,11/17 - 11/22,1489 A,36,59,-23
https://dyn.realclearpolitics.com/epolls/other/president_trump_job_approval-6179.html,Quinnipiac,https://poll.qu.edu/national/release-detail?ReleaseID=2502,11/15 - 11/20,1415 RV,38,55,-17
https://dyn.realclearpolitics.com/epolls/other/president_trump_job_approval-6179.html,NPR/PBS/Marist,http://maristpoll.marist.edu/wp-content/misc/usapolls/us171112_PBS/NPR_PBS%20NewsHour_Marist%20Poll_Nature%20of%20the%20Sample%20and%20Tables_Civility%20and%20Politics_November%202017.pdf,11/13 - 11/15,802 RV,42,54,-12
https://dyn.realclearpolitics.com/epolls/other/president_trump_job_approval-6179.html,Economist/YouGov,https://d25d2506sfb94s.cloudfront.net/cumulus_uploads/document/pv5v29parb/econTabReport.pdf,11/12 - 11/14,1281 RV,39,56,-17
https://dyn.realclearpolitics.com/epolls/other/president_trump_job_approval-6179.html,Harvard-Harris,http://thehill.com/homenews/administration/360786-poll-trump-job-approval-hits-new-low,11/11 - 11/14,2350 RV,41,59,-18
https://dyn.realclearpolitics.com/epolls/other/president_trump_job_approval-6179.html,Reuters/Ipsos,https://www.realclearpolitics.com/docs/2017_Reuters_Tracking_-_Core_Political_11_15_2017.pdf,11/10 - 11/14,1520 A,37,59,-22
https://dyn.realclearpolitics.com/epolls/other/president_trump_job_approval-6179.html,Quinnipiac,https://poll.qu.edu/national/release-detail?ReleaseID=2500,11/7 - 11/13,1577 RV,35,58,-23
https://dyn.realclearpolitics.com/epolls/other/president_trump_job_approval-6179.html,Marist,http://maristpoll.marist.edu/wp-content/misc/usapolls/us171106_HBO/Marist%20Poll_Nature%20of%20the%20Sample%20and%20Tables_November%202017.pdf#page=3,11/6 - 11/9,850 RV,39,55,-16
https://dyn.realclearpolitics.com/epolls/other/president_trump_job_approval-6179.html,Economist/YouGov,https://d25d2506sfb94s.cloudfront.net/cumulus_uploads/document/k4rl5ynp42/econTabReport.pdf,11/5 - 11/7,1336 RV,40,55,-15
https://dyn.realclearpolitics.com/epolls/other/president_trump_job_approval-6179.html,Reuters/Ipsos,https://www.realclearpolitics.com/docs/2017_Reuters_Tracking_-_Core_Political_11_08_2017.pdf,11/3 - 11/7,1572 A,35,60,-25
https://dyn.realclearpolitics.com/epolls/other/president_trump_job_approval-6179.html,CNN,http://cdn.cnn.com/cnn/2017/images/11/06/rel11a.-.trump.and.russia.pdf,11/2 - 11/5,RV,38,57,-19
https://dyn.realclearpolitics.com/epolls/other/president_trump_job_approval-6179.html,IBD/TIPP,https://www.investors.com/politics/1-year-after-trump-election-less-stress-more-hope-but-low-approvals-ibdtipp-poll/,10/26 - 11/3,917 A,36,58,-22
https://dyn.realclearpolitics.com/epolls/other/president_trump_job_approval-6179.html,ABC News/Wash Post,https://www.washingtonpost.com/page/2010-2019/WashingtonPost/2017/11/05/National-Politics/Polling/question_19571.xml?uuid=znsJGsHdEeeSlHBfgBZPbg,10/29 - 11/1,884 RV,38,58,-20
https://dyn.realclearpolitics.com/epolls/other/president_trump_job_approval-6179.html,Economist/YouGov,https://d25d2506sfb94s.cloudfront.net/cumulus_uploads/document/4eegg8ofj2/econTabReport.pdf,10/29 - 10/31,1291 RV,43,52,-9
https://dyn.realclearpolitics.com/epolls/other/president_trump_job_approval-6179.html,Reuters/Ipsos,https://www.realclearpolitics.com/docs/2017_Reuters_Tracking_-_Core_Political_11_01_2017.pdf,10/27 - 10/31,1798 A,36,60,-24
https://dyn.realclearpolitics.com/epolls/other/president_trump_job_approval-6179.html,CBS News,https://www.cbsnews.com/politics/,10/27 - 10/30,1109 A,39,55,-16
https://dyn.realclearpolitics.com/epolls/other/president_trump_job_approval-6179.html,PPP (D),https://www.publicpolicypolling.com/wp-content/uploads/2017/10/PPP_Release_National_103117.pdf,10/27 - 10/29,572 RV,38,56,-18
https://dyn.realclearpolitics.com/epolls/other/president_trump_job_approval-6179.html,Pew Research,http://www.people-press.org/2017/11/02/declining-confidence-in-trump-lower-job-ratings-for-congressional-leaders/,10/25 - 10/30,1504 A,34,59,-25
https://dyn.realclearpolitics.com/epolls/other/president_trump_job_approval-6179.html,NBC News/Wall St. Jrnl,https://www.nbcnews.com/politics/donald-trump/trump-s-approval-rating-drops-lowest-level-yet-new-nbc-n815321,10/23 - 10/26,900 A,38,58,-20
https://dyn.realclearpolitics.com/epolls/other/president_trump_job_approval-6179.html,FOX News,https://andersonrobbins.com/wp-content/uploads/2017/10/102517_complete_topline_trumpjob_healthcare_taxes.pdf,10/22 - 10/24,1005 RV,38,57,-19
https://dyn.realclearpolitics.com/epolls/other/president_trump_job_approval-6179.html,Economist/YouGov,https://d25d2506sfb94s.cloudfront.net/cumulus_uploads/document/39agyx9fl6/econTabReport.pdf,10/22 - 10/24,1312 RV,41,56,-15
https://dyn.realclearpolitics.com/epolls/other/president_trump_job_approval-6179.html,Reuters/Ipsos,https://www.realclearpolitics.com/docs/2017_Reuters_Tracking_-_Core_Political_10_25_2017.pdf,10/20 - 10/24,2352 A,35,60,-25
https://dyn.realclearpolitics.com/epolls/other/president_trump_job_approval-6179.html,Harvard-Harris,http://harvardharrispoll.com/wp-content/uploads/2017/10/HCAPS-October_Topline-Memo_with-banners_Registered-Voters_Current-Events.pdf,10/14 - 10/18,2159 RV,42,58,-16
https://dyn.realclearpolitics.com/epolls/other/president_trump_job_approval-6179.html,Marist,http://maristpoll.marist.edu/wp-content/misc/usapolls/us171015_HBO/Marist%20Poll%20National%20Nature%20of%20the%20Sample%20and%20Tables_October%202017.pdf,10/15 - 10/17,928 RV,38,54,-16
https://dyn.realclearpolitics.com/epolls/other/president_trump_job_approval-6179.html,Reuters/Ipsos,https://www.realclearpolitics.com/docs/2017_Reuters_Tracking_-_Core_Political_10_18_2017.pdf,10/13 - 10/17,1678 A,38,58,-20
https://dyn.realclearpolitics.com/epolls/other/president_trump_job_approval-6179.html,Economist/YouGov,http://d25d2506sfb94s.cloudfront.net/cumulus_uploads/document/ofv9fh8zdh/econTabReport.pdf,10/15 - 10/16,1326 RV,41,54,-13
https://dyn.realclearpolitics.com/epolls/other/president_trump_job_approval-6179.html,CNN,"http://i2.cdn.turner.com/cnn/2017/images/10/17/rel10b.-.trump,.guns.pdf",10/12 - 10/15,RV,38,57,-19
https://dyn.realclearpolitics.com/epolls/other/president_trump_job_approval-6179.html,Emerson,https://www.emerson.edu/sites/default/files/Files/Academics/ecp-10.16-national.press_.release.pdf,10/12 - 10/14,820 RV,44,50,-6
https://dyn.realclearpolitics.com/epolls/other/president_trump_job_approval-6179.html,Economist/YouGov,https://d25d2506sfb94s.cloudfront.net/cumulus_uploads/document/zev5z2887d/econTabReport.pdf,10/7 - 10/10,1278 RV,41,53,-12
https://dyn.realclearpolitics.com/epolls/other/president_trump_job_approval-6179.html,Reuters/Ipsos,https://www.realclearpolitics.com/docs/2017_Reuters_Tracking_-_Core_Political_10_11_2017.pdf,10/6 - 10/10,1584 A,36,59,-23
https://dyn.realclearpolitics.com/epolls/other/president_trump_job_approval-6179.html,Quinnipiac,https://poll.qu.edu/national/release-detail?ReleaseID=2491,10/5 - 10/10,1482 RV,38,56,-18
https://dyn.realclearpolitics.com/epolls/other/president_trump_job_approval-6179.html,Economist/YouGov,https://d25d2506sfb94s.cloudfront.net/cumulus_uploads/document/x7ybkikwvr/econTabReport.pdf,10/1 - 10/3,1298 RV,42,55,-13
https://dyn.realclearpolitics.com/epolls/other/president_trump_job_approval-6179.html,IBD/TIPP,http://www.investors.com/politics/trumps-tax-plan-gets-high-marks-as-his-approval-rating-stumbles-ibdtipp-poll/,9/29 - 10/8,887 A,33,61,-28
https://dyn.realclearpolitics.com/epolls/other/president_trump_job_approval-6179.html,Reuters/Ipsos,http://www.realclearpolitics.com/docs/2017_Reuters_Tracking_-_Core_Political_10_04_2017.pdf,9/30 - 10/3,1659 A,37,58,-21
https://dyn.realclearpolitics.com/epolls/other/president_trump_job_approval-6179.html,USA Today/Suffolk,http://www.realclearpolitics.com/docs/Suffolk_National_Oct_5_2017.pdf,9/27 - 10/1,1000 RV,38,56,-18
https://dyn.realclearpolitics.com/epolls/other/president_trump_job_approval-6179.html,CNN,http://i2.cdn.turner.com/cnn/2017/images/09/29/rel9.-.nfl.and.trump.pdf,9/26 - 9/28,1037 A,37,56,-19
https://dyn.realclearpolitics.com/epolls/other/president_trump_job_approval-6179.html,PBS/Marist,http://maristpoll.marist.edu/wp-content/misc/usapolls/us170925_PBS/PBS_NewsHour_Marist%20Poll_Nature%20of%20the%20Sample%20and%20Tables_Trump_September%202017.pdf,9/25 - 9/27,886 RV,39,54,-15
https://dyn.realclearpolitics.com/epolls/other/president_trump_job_approval-6179.html,CNBC,https://www.cnbc.com/2017/10/03/american-optimism-about-the-economy-fails-to-lift-trumps-approval-ratings.html,9/24 - 9/27,800 A,38,52,-14
https://dyn.realclearpolitics.com/epolls/other/president_trump_job_approval-6179.html,FOX News,http://www.foxnews.com/politics/interactive/2017/09/27/fox-news-poll-september-27-2017.html,9/24 - 9/26,1017 RV,42,53,-11
https://dyn.realclearpolitics.com/epolls/other/president_trump_job_approval-6179.html,Economist/YouGov,https://d25d2506sfb94s.cloudfront.net/cumulus_uploads/document/u056dnqljx/econTabReport.pdf,9/24 - 9/26,1254 RV,40,55,-15
https://dyn.realclearpolitics.com/epolls/other/president_trump_job_approval-6179.html,Reuters/Ipsos,https://www.realclearpolitics.com/docs/2017_Reuters_Tracking_-_Core_Political_09_27_2017.pdf,9/22 - 9/26,3429 A,38,57,-19
https://dyn.realclearpolitics.com/epolls/other/president_trump_job_approval-6179.html,PPP (D),http://www.publicpolicypolling.com/pdf/2017/PPP_Release_National_92817.pdf,9/22 - 9/25,865 RV,42,53,-11
https://dyn.realclearpolitics.com/epolls/other/president_trump_job_approval-6179.html,Quinnipiac,https://poll.qu.edu/national/release-detail?ReleaseID=2487,9/21 - 9/26,1412 RV,36,57,-21
https://dyn.realclearpolitics.com/epolls/other/president_trump_job_approval-6179.html,CBS News,https://docs.cbsnews.com/20/toplines-cbs-pm-poll-9-25-17.pdf,9/21 - 9/24,1202 A,35,55,-20
https://dyn.realclearpolitics.com/epolls/other/president_trump_job_approval-6179.html,ABC News/Wash Post,https://www.washingtonpost.com/page/2010-2019/WashingtonPost/2017/09/24/National-Politics/Polling/question_19252.xml?uuid=2UuPTqDcEeeyp7xwtvmAiQ,9/18 - 9/21,RV,42,54,-12
https://dyn.realclearpolitics.com/epolls/other/president_trump_job_approval-6179.html,CNN,http://i2.cdn.turner.com/cnn/2017/images/09/21/trumpapprovalpoll.pdf,9/17 - 9/20,RV,42,53,-11
https://dyn.realclearpolitics.com/epolls/other/president_trump_job_approval-6179.html,Economist/YouGov,https://d25d2506sfb94s.cloudfront.net/cumulus_uploads/document/pg2ybma1jb/econTabReport.pdf,9/17 - 9/19,1292 RV,43,51,-8
https://dyn.realclearpolitics.com/epolls/other/president_trump_job_approval-6179.html,Monmouth,https://www.monmouth.edu/polling-institute/reports/MonmouthPoll_US_092017/,9/15 - 9/19,857 RV,42,48,-6
https://dyn.realclearpolitics.com/epolls/other/president_trump_job_approval-6179.html,Reuters/Ipsos,https://www.realclearpolitics.com/docs/2017_Reuters_Tracking_-_Core_Political_09_20_2017.pdf,9/15 - 9/19,1557 A,39,55,-16
https://dyn.realclearpolitics.com/epolls/other/president_trump_job_approval-6179.html,NBC News/Wall St. Jrnl,http://msnbcmedia.msn.com/i/MSNBC/Sections/A_Politics/HUB_NBCPolitics_Front/17363%20NBCWSJ%20September%20Poll%20(9-21-17%20Release).pdf,9/14 - 9/18,900 A,43,52,-9
https://dyn.realclearpolitics.com/epolls/other/president_trump_job_approval-6179.html,Marist,https://www.realclearpolitics.com/docs/Marist_September_15th_2017.pdf,9/11 - 9/13,1009 RV,41,50,-9
https://dyn.realclearpolitics.com/epolls/other/president_trump_job_approval-6179.html,Economist/YouGov,https://d25d2506sfb94s.cloudfront.net/cumulus_uploads/document/iaun8oq0e2/econTabReport.pdf,9/10 - 9/12,1313 RV,42,54,-12
https://dyn.realclearpolitics.com/epolls/other/president_trump_job_approval-6179.html,Reuters/Ipsos,https://www.realclearpolitics.com/docs/2017_Reuters_Tracking_-_Core_Political_09_13_2017.pdf,9/8 - 9/12,1669 A,35,59,-24
https://dyn.realclearpolitics.com/epolls/other/president_trump_job_approval-6179.html,Economist/YouGov,https://d25d2506sfb94s.cloudfront.net/cumulus_uploads/document/yxup54e0o1/econTabReport.pdf,9/3 - 9/5,1309 RV,42,54,-12
https://dyn.realclearpolitics.com/epolls/other/president_trump_job_approval-6179.html,Reuters/Ipsos,https://www.realclearpolitics.com/docs/2017_Reuters_Tracking_-_Core_Political_09_06_2017.pdf,9/1 - 9/5,1672 A,40,57,-17
https://dyn.realclearpolitics.com/epolls/other/president_trump_job_approval-6179.html,FOX News,http://www.foxnews.com/politics/2017/08/30/fox-news-poll-voters-mood-sours-56-percent-say-trump-tearing-country-apart.html,8/27 - 8/29,1006 RV,41,55,-14
https://dyn.realclearpolitics.com/epolls/other/president_trump_job_approval-6179.html,Economist/YouGov,https://d25d2506sfb94s.cloudfront.net/cumulus_uploads/document/bk136ee11c/econTabReport.pdf,8/27 - 8/29,1278 RV,40,55,-15
https://dyn.realclearpolitics.com/epolls/other/president_trump_job_approval-6179.html,IBD/TIPP,http://www.investors.com/politics/trump-approval-rebounds-from-lows-after-charlottesville-harvey-confederate-statues-ibdtipp-poll/,8/23 - 8/31,905 A,38,57,-19
https://dyn.realclearpolitics.com/epolls/other/president_trump_job_approval-6179.html,Reuters/Ipsos,https://www.realclearpolitics.com/epolls/other/president_trump_job_approval-6179.html,8/25 - 8/29,1767 A,37,58,-21
https://dyn.realclearpolitics.com/epolls/other/president_trump_job_approval-6179.html,Economist/YouGov,https://d25d2506sfb94s.cloudfront.net/cumulus_uploads/document/6q36eat3uv/econTabReport.pdf,8/20 - 8/22,1327 RV,40,54,-14
https://dyn.realclearpolitics.com/epolls/other/president_trump_job_approval-6179.html,Reuters/Ipsos,https://www.realclearpolitics.com/docs/2017_Reuters_Tracking_-_Core_Political_08_23_2017.pdf,8/18 - 8/22,2744 A,36,59,-23
https://dyn.realclearpolitics.com/epolls/other/president_trump_job_approval-6179.html,Quinnipiac,https://poll.qu.edu/images/polling/us/us08232017_Usgdv94.pdf/,8/17 - 8/22,1514 RV,35,59,-24
https://dyn.realclearpolitics.com/epolls/other/president_trump_job_approval-6179.html,PPP (D),http://www.publicpolicypolling.com/pdf/2017/PPP_Release_National_82317.pdf,8/18 - 8/21,887 RV,40,53,-13
https://dyn.realclearpolitics.com/epolls/other/president_trump_job_approval-6179.html,ABC News/Wash Post,https://www.washingtonpost.com/page/2010-2019/WashingtonPost/2017/08/22/National-Politics/Polling/question_19008.xml?uuid=9CAtTIdMEeeWp9F4zzUk6w,8/16 - 8/20,RV,39,58,-19
https://dyn.realclearpolitics.com/epolls/other/president_trump_job_approval-6179.html,GWU/Battleground,https://mediarelations.gwu.edu/sites/mediarelations.gwu.edu/files/GWBattlegroundPoll62-questionnaire.pdf,8/13 - 8/17,1000 RV,42,53,-11
https://dyn.realclearpolitics.com/epolls/other/president_trump_job_approval-6179.html,Pew Research,http://assets.pewresearch.org/wp-content/uploads/sites/5/2017/08/29095534/08-29-17-Political-topline-for-release.pdf,8/8 - 8/21,4971 A,36,63,-27
https://dyn.realclearpolitics.com/epolls/other/president_trump_job_approval-6179.html,NPR/PBS/Marist,https://apps.npr.org/documents/document.html?id=3933461-NPR-PBS-NewsHour-Marist-Poll-Aug-17-2017,8/14 - 8/15,859 RV,38,51,-13
https://dyn.realclearpolitics.com/epolls/other/president_trump_job_approval-6179.html,Economist/YouGov,https://d25d2506sfb94s.cloudfront.net/cumulus_uploads/document/9h2c1c3new/econTabReport.pdf,8/13 - 8/15,1291 RV,42,54,-12
https://dyn.realclearpolitics.com/epolls/other/president_trump_job_approval-6179.html,Reuters/Ipsos,http://www.realclearpolitics.com/docs/2017_Reuters_Tracking_-_Core_Political_08_16_2017.pdf,8/11 - 8/15,1587 A,35,58,-23
https://dyn.realclearpolitics.com/epolls/other/president_trump_job_approval-6179.html,Quinnipiac,https://poll.qu.edu/images/polling/us/us08172017_Ucva52n.pdf/,8/9 - 8/15,1361 RV,39,57,-18
https://dyn.realclearpolitics.com/epolls/other/president_trump_job_approval-6179.html,Monmouth,https://www.monmouth.edu/polling-institute/reports/MonmouthPoll_US_08152017/,8/10 - 8/14,706 RV,42,49,-7
https://dyn.realclearpolitics.com/epolls/other/president_trump_job_approval-6179.html,Marist,http://maristpoll.marist.edu/wp-content/misc/usapolls/us170809/Marist%20Poll_Nature%20of%20the%20Sample%20and%20Tables_August%202017.pdf,8/8 - 8/12,883 RV,37,55,-18
https://dyn.realclearpolitics.com/epolls/other/president_trump_job_approval-6179.html,Economist/YouGov,https://d25d2506sfb94s.cloudfront.net/cumulus_uploads/document/mg4bbjqqty/econTabReport.pdf,8/6 - 8/8,1303 RV,40,54,-14
https://dyn.realclearpolitics.com/epolls/other/president_trump_job_approval-6179.html,Reuters/Ipsos,https://www.realclearpolitics.com/docs/2017_Reuters_Tracking_-_Core_Political_08_09_2017.pdf,8/4 - 8/8,1671 A,37,59,-22
https://dyn.realclearpolitics.com/epolls/other/president_trump_job_approval-6179.html,CBS News,https://www.scribd.com/document/355786489/Toplines-Trump-Economy-poll,8/3 - 8/6,1111 A,36,58,-22
https://dyn.realclearpolitics.com/epolls/other/president_trump_job_approval-6179.html,CNN,https://www.realclearpolitics.com/docs/CNN_Poll_August_2017.pdf,8/3 - 8/6,RV,40,56,-16
https://dyn.realclearpolitics.com/epolls/other/president_trump_job_approval-6179.html,IBD/TIPP,http://www.investors.com/politics/trump-approval-hits-new-low-of-32-as-support-from-his-base-slips-ibdtipp-poll/,7/28 - 8/5,904 A,32,59,-27
https://dyn.realclearpolitics.com/epolls/other/president_trump_job_approval-6179.html,Economist/YouGov,https://d25d2506sfb94s.cloudfront.net/cumulus_uploads/document/tn9k94h20u/econTabReport.pdf,7/31 - 8/1,1329 RV,39,55,-16
https://dyn.realclearpolitics.com/epolls/other/president_trump_job_approval-6179.html,Reuters/Ipsos,https://www.realclearpolitics.com/docs/2017_Reuters_Tracking_-_Core_Political_08_02_2017.pdf,7/28 - 8/1,3130 A,37,59,-22
https://dyn.realclearpolitics.com/epolls/other/president_trump_job_approval-6179.html,Quinnipiac,https://www.realclearpolitics.com/docs/AUG_2_US_PRES+BP.pdf,7/27 - 8/1,1125 RV,33,61,-28
https://dyn.realclearpolitics.com/epolls/other/president_trump_job_approval-6179.html,Economist/YouGov,https://d25d2506sfb94s.cloudfront.net/cumulus_uploads/document/u4wgpax6ng/econTabReport.pdf,7/23 - 7/25,1282 RV,41,54,-13
https://dyn.realclearpolitics.com/epolls/other/president_trump_job_approval-6179.html,Reuters/Ipsos,https://www.realclearpolitics.com/docs/2017_Reuters_Tracking_-_Core_Political_07_26_2017.pdf,7/21 - 7/25,1532 A,35,59,-24
https://dyn.realclearpolitics.com/epolls/other/president_trump_job_approval-6179.html,FOX News,http://www.foxnews.com/politics/interactive/2017/07/19/fox-news-poll-july-19-2017.html,7/16 - 7/18,1020 RV,41,53,-12
https://dyn.realclearpolitics.com/epolls/other/president_trump_job_approval-6179.html,PPP (D),http://www.publicpolicypolling.com/pdf/2017/PPP_Release_National_71817.pdf,7/14 - 7/17,836 RV,41,55,-14
https://dyn.realclearpolitics.com/epolls/other/president_trump_job_approval-6179.html,Economist/YouGov,https://d25d2506sfb94s.cloudfront.net/cumulus_uploads/document/tkeqcl9vz3/econTabReport.pdf,7/15 - 7/18,1273 RV,39,56,-17
https://dyn.realclearpolitics.com/epolls/other/president_trump_job_approval-6179.html,Reuters/Ipsos,https://www.realclearpolitics.com/docs/Core_Poltiical-Topline-2017-07-19.pdf,7/14 - 7/18,1470 A,38,58,-20
https://dyn.realclearpolitics.com/epolls/other/president_trump_job_approval-6179.html,Monmouth,https://www.realclearpolitics.com/docs/MonmouthPoll_US_071717.pdf,7/13 - 7/16,713 RV,40,52,-12
https://dyn.realclearpolitics.com/epolls/other/president_trump_job_approval-6179.html,ABC News/Wash Post,https://www.washingtonpost.com/page/2010-2019/WashingtonPost/2017/07/16/National-Politics/Polling/question_18935.xml?uuid=QLWiFmnbEeeUq1sfD_RZ3w,7/10 - 7/13,RV,39,56,-17
https://dyn.realclearpolitics.com/epolls/other/president_trump_job_approval-6179.html,Bloomberg,https://assets.bwbx.io/documents/users/iqjWHBFdfxIU/r_gKveTVWIpc/v0,7/8 - 7/12,1001 A,40,56,-16
https://dyn.realclearpolitics.com/epolls/other/president_trump_job_approval-6179.html,Economist/YouGov,https://d25d2506sfb94s.cloudfront.net/cumulus_uploads/document/38eszqtohw/econTabReport.pdf,7/9 - 7/11,1284 RV,41,52,-11
https://dyn.realclearpolitics.com/epolls/other/president_trump_job_approval-6179.html,Reuters/Ipsos,http://www.realclearpolitics.com/docs/2017_Reuters_Tracking_-_Core_Political_07_12_2017.pdf,7/7 - 7/11,1530 A,40,56,-16
https://dyn.realclearpolitics.com/epolls/other/president_trump_job_approval-6179.html,Economist/YouGov,https://d25d2506sfb94s.cloudfront.net/cumulus_uploads/document/o8w3rbul29/econTabReport.pdf,7/3 - 7/4,1323 RV,41,53,-12
https://dyn.realclearpolitics.com/epolls/other/president_trump_job_approval-6179.html,Reuters/Ipsos,https://www.realclearpolitics.com/docs/Core_Political-Topline-2017-07-05.pdf,6/30 - 7/4,1600 A,38,57,-19
https://dyn.realclearpolitics.com/epolls/other/president_trump_job_approval-6179.html,IBD/TIPP,http://www.investors.com/politics/people-like-the-senate-health-bill-more-than-they-realize-ibdtipp-poll/,6/23 - 6/29,900 A,37,58,-21
https://dyn.realclearpolitics.com/epolls/other/president_trump_job_approval-6179.html,FOX News,http://www.foxnews.com/politics/interactive/2017/06/28/fox-news-poll-june-28-2017.html,6/25 - 6/27,1017 RV,44,50,-6
https://dyn.realclearpolitics.com/epolls/other/president_trump_job_approval-6179.html,Economist/YouGov,https://d25d2506sfb94s.cloudfront.net/cumulus_uploads/document/p97ezf7wcq/econTabReport.pdf,6/25 - 6/27,1295 RV,42,53,-11
https://dyn.realclearpolitics.com/epolls/other/president_trump_job_approval-6179.html,Rasmussen Reports,http://www.rasmussenreports.com/public_content/politics/trump_administration/trump_approval_index_history,6/25 - 6/27,1500 LV,46,54,-8
https://dyn.realclearpolitics.com/epolls/other/president_trump_job_approval-6179.html,USA Today/Suffolk,https://www.realclearpolitics.com/docs/Suffolk_June_2017.pdf,6/24 - 6/27,1000 RV,42,53,-11
https://dyn.realclearpolitics.com/epolls/other/president_trump_job_approval-6179.html,Reuters/Ipsos,https://www.realclearpolitics.com/docs/Core_Political-Topline-2017-06-28.pdf,6/23 - 6/27,1620 A,35,58,-23
https://dyn.realclearpolitics.com/epolls/other/president_trump_job_approval-6179.html,Quinnipiac,https://poll.qu.edu/national/release-detail?ReleaseID=2471,6/22 - 6/27,1212 RV,40,55,-15
https://dyn.realclearpolitics.com/epolls/other/president_trump_job_approval-6179.html,NPR/PBS/Marist,http://maristpoll.marist.edu/wp-content/misc/usapolls/us170621_PBS_NPR/NPR_PBS%20NewsHour_Marist%20Poll_National%20Nature%20of%20the%20Sample%20and%20Tables_Trump_Congress_Health%20Care_June%202017.pdf#page=3,6/21 - 6/25,995 RV,38,53,-15
https://dyn.realclearpolitics.com/epolls/other/president_trump_job_approval-6179.html,Economist/YouGov,https://d25d2506sfb94s.cloudfront.net/cumulus_uploads/document/b6o1y15enn/econTabReport.pdf,6/18 - 6/20,1277 RV,43,51,-8
https://dyn.realclearpolitics.com/epolls/other/president_trump_job_approval-6179.html,Rasmussen Reports,http://www.rasmussenreports.com/public_content/politics/trump_administration/trump_approval_index_history,6/18 - 6/20,1500 LV,45,55,-10
https://dyn.realclearpolitics.com/epolls/other/president_trump_job_approval-6179.html,NBC News/Wall St. Jrnl,http://msnbcmedia.msn.com/i/TODAY/z_Creative/17255%20NBCWSJJunePoll.pdf,6/17 - 6/20,900 A,40,55,-15
https://dyn.realclearpolitics.com/epolls/other/president_trump_job_approval-6179.html,Reuters/Ipsos,https://www.realclearpolitics.com/docs/Core_Political-Topline-2017-06-21.pdf,6/16 - 6/20,1554 A,38,59,-21
https://dyn.realclearpolitics.com/epolls/other/president_trump_job_approval-6179.html,CBS News,http://www.cbsnews.com/news/trumps-handling-of-russia-investigations-weighs-on-approval-ratings/,6/15 - 6/18,1117 A,36,57,-21
https://dyn.realclearpolitics.com/epolls/other/president_trump_job_approval-6179.html,Pew Research,http://www.people-press.org/2017/06/20/presidential-approval-detailed-tables-june-2017/?utm_source=adaptivemailer&utm_medium=email&utm_campaign=17-06-20%20political%20parties&org=982&lvl=100&ite=1304&lea=278963&ctr=0&par=1&trk=,6/8 - 6/18,2097 RV,42,54,-12
https://dyn.realclearpolitics.com/epolls/other/president_trump_job_approval-6179.html,Gallup,http://www.gallup.com/poll/201617/gallup-daily-trump-job-approval.aspx,6/11 - 6/13,1500 A,36,59,-23
https://dyn.realclearpolitics.com/epolls/other/president_trump_job_approval-6179.html,Rasmussen Reports,http://www.rasmussenreports.com/public_content/politics/trump_administration/trump_approval_index_history,6/11 - 6/13,1500 LV,45,55,-10
https://dyn.realclearpolitics.com/epolls/other/president_trump_job_approval-6179.html,Economist/YouGov,https://d25d2506sfb94s.cloudfront.net/cumulus_uploads/document/kc9nca1eho/econTabReport.pdf,6/11 - 6/13,1310 RV,42,51,-9
https://dyn.realclearpolitics.com/epolls/other/president_trump_job_approval-6179.html,Reuters/Ipsos,https://www.realclearpolitics.com/docs/Core_Political-Topline-2017-06-14.pdf,6/9 - 6/13,1492 A,40,56,-16
https://dyn.realclearpolitics.com/epolls/other/president_trump_job_approval-6179.html,CNBC,http://www.cnbc.com/2017/06/15/americans-believe-trump-pressured-comey-to-end-russia-probe-survey.html,6/9 - 6/12,800 A,37,51,-14
https://dyn.realclearpolitics.com/epolls/other/president_trump_job_approval-6179.html,PPP (D),http://www.publicpolicypolling.com/pdf/2017/PPP_Release_National_61217.pdf,6/9 - 6/11,811 RV,41,52,-11
https://dyn.realclearpolitics.com/epolls/other/president_trump_job_approval-6179.html,Rasmussen Reports,http://www.rasmussenreports.com/public_content/politics/trump_administration/trump_approval_index_history,6/4 - 6/6,1500 LV,45,55,-10
https://dyn.realclearpolitics.com/epolls/other/president_trump_job_approval-6179.html,Economist/YouGov,https://d25d2506sfb94s.cloudfront.net/cumulus_uploads/document/lssamz3o6b/econTabReport.pdf,6/4 - 6/6,1288 RV,40,56,-16
https://dyn.realclearpolitics.com/epolls/other/president_trump_job_approval-6179.html,Reuters/Ipsos,https://www.realclearpolitics.com/docs/Core_Political-Topline-2017-06-07.pdf,6/2 - 6/6,2371 A,38,58,-20
https://dyn.realclearpolitics.com/epolls/other/president_trump_job_approval-6179.html,Quinnipiac,https://poll.qu.edu/images/polling/us/us06072017_Upmf47rg.pdf/,5/31 - 6/6,1361 RV,34,57,-23
https://dyn.realclearpolitics.com/epolls/other/president_trump_job_approval-6179.html,IBD/TIPP,http://www.investors.com/politics/public-backs-gop-plans-to-cut-medicaid-food-stamps-and-taxes-ibd-tipp-poll/,5/30 - 6/6,903 A,37,55,-18
https://dyn.realclearpolitics.com/epolls/other/president_trump_job_approval-6179.html,Rasmussen Reports,http://www.rasmussenreports.com/public_content/politics/trump_administration/prez_track_may23,5/28 - 5/30,1500 LV,43,57,-14
https://dyn.realclearpolitics.com/epolls/other/president_trump_job_approval-6179.html,Economist/YouGov,https://d25d2506sfb94s.cloudfront.net/cumulus_uploads/document/sm62pd19o2/econTabReport.pdf,5/27 - 5/30,1269 RV,40,53,-13
https://dyn.realclearpolitics.com/epolls/other/president_trump_job_approval-6179.html,Reuters/Ipsos,http://www.realclearpolitics.com/docs/Core_Political-Topline-2017-05-31.pdf,5/26 - 5/30,2081 A,40,55,-15
https://dyn.realclearpolitics.com/epolls/other/president_trump_job_approval-6179.html,FOX News,http://www.foxnews.com/politics/interactive/2017/05/24/fox-news-poll-may-24-2017.html,5/21 - 5/23,1011 RV,40,53,-13
https://dyn.realclearpolitics.com/epolls/other/president_trump_job_approval-6179.html,Gallup,http://www.gallup.com/poll/201617/gallup-daily-trump-job-approval.aspx,5/21 - 5/23,1500 A,39,55,-16
https://dyn.realclearpolitics.com/epolls/other/president_trump_job_approval-6179.html,Rasmussen Reports,http://www.rasmussenreports.com/public_content/politics/trump_administration/prez_track_may23,5/21 - 5/23,1500 LV,48,52,-4
https://dyn.realclearpolitics.com/epolls/other/president_trump_job_approval-6179.html,Economist/YouGov,https://d25d2506sfb94s.cloudfront.net/cumulus_uploads/document/nkn28k0m0p/econTabReport.pdf,5/20 - 5/23,1276 RV,40,53,-13
https://dyn.realclearpolitics.com/epolls/other/president_trump_job_approval-6179.html,Reuters/Ipsos,http://www.realclearpolitics.com/docs/Core_Political-Topline-05-24-2017.pdf,5/19 - 5/23,2000 A,37,57,-20
https://dyn.realclearpolitics.com/epolls/other/president_trump_job_approval-6179.html,Quinnipiac,https://poll.qu.edu/national/release-detail?ReleaseID=2460,5/17 - 5/23,1404 RV,37,55,-18
https://dyn.realclearpolitics.com/epolls/other/president_trump_job_approval-6179.html,Monmouth,http://www.realclearpolitics.com/docs/MonmouthPoll_US_051817.pdf,5/13 - 5/17,896 RV,39,54,-15
https://dyn.realclearpolitics.com/epolls/other/president_trump_job_approval-6179.html,Gallup,http://www.gallup.com/poll/201617/gallup-daily-trump-job-approval.aspx,5/14 - 5/16,1500 A,38,57,-19
https://dyn.realclearpolitics.com/epolls/other/president_trump_job_approval-6179.html,Rasmussen Reports,http://www.rasmussenreports.com/public_content/politics/trump_administration/prez_track_may3,5/14 - 5/16,1500 LV,44,56,-12
https://dyn.realclearpolitics.com/epolls/other/president_trump_job_approval-6179.html,Economist/YouGov,https://d25d2506sfb94s.cloudfront.net/cumulus_uploads/document/r7qogc932v/econTabReport.pdf,5/13 - 5/16,1298 RV,39,54,-15
https://dyn.realclearpolitics.com/epolls/other/president_trump_job_approval-6179.html,Reuters/Ipsos,http://www.realclearpolitics.com/docs/Core_Political-Topline-2017-05-17.pdf,5/12 - 5/16,1868 A,39,55,-16
https://dyn.realclearpolitics.com/epolls/other/president_trump_job_approval-6179.html,PPP (D),http://www.publicpolicypolling.com/pdf/2017/PPP_Release_National_51617.pdf,5/12 - 5/14,692 RV,40,54,-14
https://dyn.realclearpolitics.com/epolls/other/president_trump_job_approval-6179.html,NBC News/Wall St. Jrnl,https://www.scribd.com/document/348302118/NBC-WSJ-May-2017-poll,5/11 - 5/13,800 A,39,54,-15
https://dyn.realclearpolitics.com/epolls/other/president_trump_job_approval-6179.html,Gallup,http://www.gallup.com/poll/201617/gallup-daily-trump-job-approval.aspx,5/7 - 5/9,1500 A,40,53,-13
https://dyn.realclearpolitics.com/epolls/other/president_trump_job_approval-6179.html,Rasmussen Reports,http://www.rasmussenreports.com/public_content/politics/trump_administration/prez_track_may3,5/7 - 5/9,1500 LV,47,53,-6
https://dyn.realclearpolitics.com/epolls/other/president_trump_job_approval-6179.html,Economist/YouGov,https://d25d2506sfb94s.cloudfront.net/cumulus_uploads/document/hdfqb3wks2/econTabReport.pdf,5/6 - 5/9,1287 RV,43,52,-9
https://dyn.realclearpolitics.com/epolls/other/president_trump_job_approval-6179.html,Reuters/Ipsos,http://www.realclearpolitics.com/docs/Ipsos_Core_Political-Topline-2017-05-10.pdf,5/5 - 5/9,1830 A,43,52,-9
https://dyn.realclearpolitics.com/epolls/other/president_trump_job_approval-6179.html,Quinnipiac,https://poll.qu.edu/images/polling/us/us05102017_U392prfb.pdf/,5/4 - 5/9,1078 RV,36,58,-22
https://dyn.realclearpolitics.com/epolls/other/president_trump_job_approval-6179.html,Gallup,http://www.gallup.com/poll/201617/gallup-daily-trump-job-approval.aspx,4/30 - 5/2,1500 A,42,52,-10
https://dyn.realclearpolitics.com/epolls/other/president_trump_job_approval-6179.html,Rasmussen Reports,http://www.rasmussenreports.com/public_content/politics/trump_administration/prez_track_may3,4/30 - 5/2,1500 LV,49,51,-2
https://dyn.realclearpolitics.com/epolls/other/president_trump_job_approval-6179.html,IBD/TIPP,http://www.investors.com/politics/trumps-tax-plan-gets-big-thumbs-up-approval-rating-rises-ibdtipp-poll/,4/28 - 5/4,904 A,39,54,-15
https://dyn.realclearpolitics.com/epolls/other/president_trump_job_approval-6179.html,Economist/YouGov,https://d25d2506sfb94s.cloudfront.net/cumulus_uploads/document/blvmt31w4l/econTabReport.pdf,4/29 - 5/2,1255 RV,46,47,-1
https://dyn.realclearpolitics.com/epolls/other/president_trump_job_approval-6179.html,Reuters/Ipsos,http://www.realclearpolitics.com/docs/Ipsos_Core_Political-Topline-2017-05-03.pdf,4/28 - 5/2,2214 A,44,51,-7
https://dyn.realclearpolitics.com/epolls/other/president_trump_job_approval-6179.html,FOX News,http://www.foxnews.com/politics/slideshow/2017/04/26/fox-news-poll-president-trumps-first-100-days.html,4/23 - 4/25,1009 RV,45,48,-3
https://dyn.realclearpolitics.com/epolls/other/president_trump_job_approval-6179.html,Economist/YouGov,https://d25d2506sfb94s.cloudfront.net/cumulus_uploads/document/vndekayz1x/econTabReport.pdf,4/23 - 4/25,1295 RV,45,49,-4
https://dyn.realclearpolitics.com/epolls/other/president_trump_job_approval-6179.html,Gallup,http://www.gallup.com/poll/201617/gallup-daily-trump-job-approval.aspx,4/23 - 4/25,1500 A,39,56,-17
https://dyn.realclearpolitics.com/epolls/other/president_trump_job_approval-6179.html,Rasmussen Reports,http://www.rasmussenreports.com/public_content/politics/trump_administration/prez_track_apr13,4/23 - 4/25,1500 LV,46,54,-8
https://dyn.realclearpolitics.com/epolls/other/president_trump_job_approval-6179.html,CBS News,http://www.cbsnews.com/news/100-days-sharp-partisan-divides-mark-trump-presidency-cbs-news-poll/,4/21 - 4/24,1214 A,41,53,-12
https://dyn.realclearpolitics.com/epolls/other/president_trump_job_approval-6179.html,Reuters/Ipsos,https://www.ipsos.com/en-us/news-polls/reuters-ipsos-core-political-2017-04-26,4/21 - 4/25,2165 A,41,53,-12
https://dyn.realclearpolitics.com/epolls/other/president_trump_job_approval-6179.html,CNN/ORC,http://www.cnn.com/2017/04/26/politics/donald-trump-100-days-poll/index.html,4/22 - 4/25,1009 A,44,54,-10
https://dyn.realclearpolitics.com/epolls/other/president_trump_job_approval-6179.html,ABC News/Wash Post,https://www.washingtonpost.com/page/2010-2019/WashingtonPost/2017/04/23/National-Politics/Polling/question_18611.xml?uuid=DjWvRifZEeeSjjYkU5Bg6A,4/17 - 4/20,1004 A,42,53,-11
https://dyn.realclearpolitics.com/epolls/other/president_trump_job_approval-6179.html,NBC News/Wall St. Jrnl,http://msnbcmedia.msn.com/i/TODAY/z_Creative/NBCWSJ_April_Poll.pdf,4/17 - 4/20,900 A,40,54,-14
https://dyn.realclearpolitics.com/epolls/other/president_trump_job_approval-6179.html,PPP (D),http://www.publicpolicypolling.com/pdf/2017/PPP_Release_National_42017.pdf,4/17 - 4/18,648 RV,43,50,-7
https://dyn.realclearpolitics.com/epolls/other/president_trump_job_approval-6179.html,Rasmussen Reports,http://www.rasmussenreports.com/public_content/politics/trump_administration/prez_track_apr13,4/16 - 4/18,1500 LV,48,52,-4
https://dyn.realclearpolitics.com/epolls/other/president_trump_job_approval-6179.html,Gallup,http://www.gallup.com/poll/201617/gallup-daily-trump-job-approval.aspx,4/15 - 4/18,1500 A,42,52,-10
https://dyn.realclearpolitics.com/epolls/other/president_trump_job_approval-6179.html,Economist/YouGov,https://d25d2506sfb94s.cloudfront.net/cumulus_uploads/document/3y1jngdqn7/econTabReport.pdf,4/15 - 4/18,1291 RV,44,50,-6
https://dyn.realclearpolitics.com/epolls/other/president_trump_job_approval-6179.html,Quinnipiac,https://poll.qu.edu/images/polling/us/us04192017_Uwpg863m.pdf/,4/12 - 4/18,1062 RV,40,56,-16
https://dyn.realclearpolitics.com/epolls/other/president_trump_job_approval-6179.html,Reuters/Ipsos,http://www.realclearpolitics.com/docs/Ipsos_April_13-17_2017.pdf,4/13 - 4/17,1843 A,43,52,-9
https://dyn.realclearpolitics.com/epolls/other/president_trump_job_approval-6179.html,Marist,http://maristpoll.marist.edu/wp-content/misc/usapolls/us170411_Circus/Marist%20Poll_National%20Nature%20of%20the%20Sample%20and%20Tables_April%202017.pdf#page=3,4/11 - 4/12,869 RV,39,49,-10
https://dyn.realclearpolitics.com/epolls/other/president_trump_job_approval-6179.html,Economist/YouGov,https://d25d2506sfb94s.cloudfront.net/cumulus_uploads/document/kbbwrpsurz/econTabReport.pdf,4/10 - 4/11,1330 RV,43,52,-9
https://dyn.realclearpolitics.com/epolls/other/president_trump_job_approval-6179.html,Gallup,http://www.gallup.com/poll/201617/gallup-daily-trump-job-approval.aspx,4/9 - 4/11,1500 A,41,52,-11
https://dyn.realclearpolitics.com/epolls/other/president_trump_job_approval-6179.html,Rasmussen Reports,http://www.rasmussenreports.com/public_content/politics/trump_administration/prez_track_apr11,4/9 - 4/11,1500 LV,47,53,-6
https://dyn.realclearpolitics.com/epolls/other/president_trump_job_approval-6179.html,CBS News,http://www.cbsnews.com/news/cbs-news-poll-shows-divergence-in-americans-opinion-of-us-strike-vs-syria/,4/7 - 4/9,1006 A,43,49,-6
https://dyn.realclearpolitics.com/epolls/other/president_trump_job_approval-6179.html,Pew Research,http://www.people-press.org/2017/04/17/presidential-approval-detailed-tables-april-2017/,4/5 - 4/11,1243 RV,42,52,-10
https://dyn.realclearpolitics.com/epolls/other/president_trump_job_approval-6179.html,CNBC,http://www.cnbc.com/2017/04/11/cnbc-survey-trump-agenda-is-popular-until-he-acts-on-it.html,4/3 - 4/6,804 A,39,48,-9
https://dyn.realclearpolitics.com/epolls/other/president_trump_job_approval-6179.html,Gallup,http://www.gallup.com/poll/201617/gallup-daily-trump-job-approval.aspx,4/2 - 4/4,1500 A,42,52,-10
https://dyn.realclearpolitics.com/epolls/other/president_trump_job_approval-6179.html,Rasmussen Reports,http://www.rasmussenreports.com/public_content/politics/trump_administration/trump_approval_index_history,4/2 - 4/4,1500 LV,46,54,-8
https://dyn.realclearpolitics.com/epolls/other/president_trump_job_approval-6179.html,Economist/YouGov,https://d25d2506sfb94s.cloudfront.net/cumulus_uploads/document/divhts7l9t/econTabReport.pdf,4/2 - 4/4,1331 RV,43,50,-7
https://dyn.realclearpolitics.com/epolls/other/president_trump_job_approval-6179.html,Reuters/Ipsos,http://www.realclearpolitics.com/docs/Ipsos_April_5_2017.pdf,3/31 - 4/4,2149 A,46,50,-4
https://dyn.realclearpolitics.com/epolls/other/president_trump_job_approval-6179.html,Quinnipiac,https://poll.qu.edu/national/release-detail?ReleaseID=2448,3/30 - 4/3,1171 RV,35,57,-22
https://dyn.realclearpolitics.com/epolls/other/president_trump_job_approval-6179.html,PPP (D),http://www.publicpolicypolling.com/pdf/2017/PPP_Release_National_33017.pdf,3/27 - 3/28,677 RV,40,53,-13
https://dyn.realclearpolitics.com/epolls/other/president_trump_job_approval-6179.html,IBD/TIPP,http://www.investors.com/politics/trump-approval-plunges-amid-russia-inquiry-obamacare-repeal-failure-ibdtipp-poll/,3/24 - 3/30,904 A,34,56,-22
https://dyn.realclearpolitics.com/epolls/other/president_trump_job_approval-6179.html,Gallup,http://www.gallup.com/poll/201617/gallup-daily-trump-job-approval.aspx,3/26 - 3/28,1500 A,35,59,-24
https://dyn.realclearpolitics.com/epolls/other/president_trump_job_approval-6179.html,Rasmussen Reports,http://www.rasmussenreports.com/public_content/politics/trump_administration/trump_approval_index_history,3/26 - 3/28,1500 LV,44,56,-12
https://dyn.realclearpolitics.com/epolls/other/president_trump_job_approval-6179.html,Economist/YouGov,https://d25d2506sfb94s.cloudfront.net/cumulus_uploads/document/4xolr88jm3/econTabReport.pdf,3/26 - 3/28,1271 RV,45,50,-5
https://dyn.realclearpolitics.com/epolls/other/president_trump_job_approval-6179.html,CBS News,http://www.cbsnews.com/news/republicans-health-care-trump-approval-russia-election-meddling-cbs-news-poll/,3/25 - 3/28,1088 A,40,52,-12
https://dyn.realclearpolitics.com/epolls/other/president_trump_job_approval-6179.html,Reuters/Ipsos,http://www.ipsos-na.com/news-polls/pressrelease.aspx?id=7615,3/24 - 3/28,1646 A,44,49,-5
https://dyn.realclearpolitics.com/epolls/other/president_trump_job_approval-6179.html,McClatchy/Marist,https://www.documentcloud.org/documents/3532285-McClatchy-Marist-Poll-National-Nature-of-the.html,3/22 - 3/27,906 RV,38,51,-13
https://dyn.realclearpolitics.com/epolls/other/president_trump_job_approval-6179.html,Gallup,http://www.gallup.com/poll/201617/gallup-daily-trump-job-approval.aspx,3/19 - 3/21,1500 A,40,55,-15
https://dyn.realclearpolitics.com/epolls/other/president_trump_job_approval-6179.html,Rasmussen Reports,http://www.rasmussenreports.com/public_content/politics/trump_administration/trump_approval_index_history,3/19 - 3/21,1500 LV,46,54,-8
https://dyn.realclearpolitics.com/epolls/other/president_trump_job_approval-6179.html,Economist/YouGov,https://d25d2506sfb94s.cloudfront.net/cumulus_uploads/document/afgf7c40wf/econTabReport.pdf,3/19 - 3/21,1296 RV,44,49,-5
https://dyn.realclearpolitics.com/epolls/other/president_trump_job_approval-6179.html,Reuters/Ipsos,http://www.ipsos-na.com/news-polls/pressrelease.aspx?id=7607,3/17 - 3/21,1606 A,47,47,Tie
https://dyn.realclearpolitics.com/epolls/other/president_trump_job_approval-6179.html,Quinnipiac,https://poll.qu.edu/images/polling/us/us03222017_Upt839fm.pdf/,3/16 - 3/21,1056 RV,37,56,-19
https://dyn.realclearpolitics.com/epolls/other/president_trump_job_approval-6179.html,Economist/YouGov,https://d25d2506sfb94s.cloudfront.net/cumulus_uploads/document/cik6umkx7a/econTabReport.pdf,3/13 - 3/14,1320 RV,44,49,-5
https://dyn.realclearpolitics.com/epolls/other/president_trump_job_approval-6179.html,FOX News,http://www.foxnews.com/politics/interactive/2017/03/15/fox-news-poll-315/,3/12 - 3/14,1008 RV,43,51,-8
https://dyn.realclearpolitics.com/epolls/other/president_trump_job_approval-6179.html,Gallup,http://www.gallup.com/poll/201617/gallup-daily-trump-job-approval.aspx,3/12 - 3/14,1500 A,40,54,-14
https://dyn.realclearpolitics.com/epolls/other/president_trump_job_approval-6179.html,Rasmussen Reports,http://www.rasmussenreports.com/public_content/politics/trump_administration/trump_approval_index_history,3/12 - 3/14,1500 LV,45,54,-9
https://dyn.realclearpolitics.com/epolls/other/president_trump_job_approval-6179.html,Reuters/Ipsos,http://www.ipsos-na.com/news-polls/pressrelease.aspx?id=7593,3/10 - 3/14,1750 A,45,49,-4
https://dyn.realclearpolitics.com/epolls/other/president_trump_job_approval-6179.html,PPP (D),http://www.publicpolicypolling.com/pdf/2017/PPP_Release_National_31517.pdf,3/10 - 3/12,808 RV,43,50,-7
https://dyn.realclearpolitics.com/epolls/other/president_trump_job_approval-6179.html,Economist/YouGov,http://d25d2506sfb94s.cloudfront.net/cumulus_uploads/document/9deo3n58va/econTabReport.pdf,3/6 - 3/7,1359 RV,44,50,-6
https://dyn.realclearpolitics.com/epolls/other/president_trump_job_approval-6179.html,Gallup,http://www.gallup.com/poll/201617/gallup-daily-trump-job-approval.aspx,3/5 - 3/7,1500 A,42,53,-11
https://dyn.realclearpolitics.com/epolls/other/president_trump_job_approval-6179.html,Rasmussen Reports,http://www.rasmussenreports.com/public_content/politics/trump_administration/trump_approval_index_history,3/5 - 3/7,1500 LV,49,51,-2
https://dyn.realclearpolitics.com/epolls/other/president_trump_job_approval-6179.html,Reuters/Ipsos,http://www.ipsos-na.com/news-polls/pressrelease.aspx?id=7592,3/3 - 3/7,1662 A,48,46,+2
https://dyn.realclearpolitics.com/epolls/other/president_trump_job_approval-6179.html,Quinnipiac,https://poll.qu.edu/national/release-detail?ReleaseID=2436,3/2 - 3/6,1283 RV,41,52,-11
https://dyn.realclearpolitics.com/epolls/other/president_trump_job_approval-6179.html,Monmouth,https://www.monmouth.edu/polling-institute/reports/MonmouthPoll_US_030617/,3/2 - 3/5,722 RV,44,46,-2
https://dyn.realclearpolitics.com/epolls/other/president_trump_job_approval-6179.html,USA Today/Suffolk,http://www.usatoday.com/story/news/politics/2017/03/07/usa-today-poll-tweets-and-temperament-tripping-up-president-trump/98807880/,3/1 - 3/5,1000 RV,47,44,+3
https://dyn.realclearpolitics.com/epolls/other/president_trump_job_approval-6179.html,CNN/ORC,"http://i2.cdn.turner.com/cnn/2017/images/03/05/rel4a.-.trump,.russia.pdf",3/1 - 3/4,1025 A,45,52,-7
https://dyn.realclearpolitics.com/epolls/other/president_trump_job_approval-6179.html,Economist/YouGov,https://d25d2506sfb94s.cloudfront.net/cumulus_uploads/document/qai0kpu1rl/econTabReport.pdf,2/25 - 3/1,1251 RV,45,51,-6
https://dyn.realclearpolitics.com/epolls/other/president_trump_job_approval-6179.html,IBD/TIPP,http://www.investors.com/politics/public-turned-off-by-medias-relentlessly-negative-coverage-of-trump-ibdtipp-poll/,2/24 - 3/4,909 A,41,53,-12
https://dyn.realclearpolitics.com/epolls/other/president_trump_job_approval-6179.html,Gallup,http://www.gallup.com/poll/201617/gallup-daily-trump-job-approval.aspx,2/26 - 2/28,1500 A,43,52,-9
https://dyn.realclearpolitics.com/epolls/other/president_trump_job_approval-6179.html,Rasmussen Reports,http://www.rasmussenreports.com/public_content/politics/trump_administration/trump_approval_index_history,2/26 - 2/28,1500 LV,50,50,Tie
https://dyn.realclearpolitics.com/epolls/other/president_trump_job_approval-6179.html,Reuters/Ipsos,http://www.ipsos-na.com/news-polls/pressrelease.aspx?id=7589,2/24 - 2/28,1847 A,46,48,-2
https://dyn.realclearpolitics.com/epolls/other/president_trump_job_approval-6179.html,PPP (D),http://www.publicpolicypolling.com/pdf/2017/PPP_Release_National_22417.pdf,2/21 - 2/22,941 RV,45,48,-3
https://dyn.realclearpolitics.com/epolls/other/president_trump_job_approval-6179.html,NBC News/Wall St. Jrnl,http://www.wsj.com/public/resources/documents/17057NBCWSJFebruary2017Poll.pdf,2/18 - 2/22,1000 A,44,48,-4
https://dyn.realclearpolitics.com/epolls/other/president_trump_job_approval-6179.html,CBS News,http://www.cbsnews.com/news/poll-immigration-is-most-important-problem-for-trump-and-congress/?ftag=CNM-00-10aab7e&linkId=34797879,2/17 - 2/21,1280 A,39,51,-12
https://dyn.realclearpolitics.com/epolls/other/president_trump_job_approval-6179.html,Gallup,http://www.gallup.com/poll/201617/gallup-daily-trump-job-approval.aspx,2/19 - 2/21,1500 A,42,52,-10
https://dyn.realclearpolitics.com/epolls/other/president_trump_job_approval-6179.html,Rasmussen Reports,http://www.rasmussenreports.com/public_content/politics/trump_administration/trump_approval_index_history,2/19 - 2/21,1500 LV,51,49,+2
https://dyn.realclearpolitics.com/epolls/other/president_trump_job_approval-6179.html,Reuters/Ipsos,http://www.ipsos-na.com/news-polls/pressrelease.aspx?id=7581,2/17 - 2/21,2338 A,45,50,-5
https://dyn.realclearpolitics.com/epolls/other/president_trump_job_approval-6179.html,Economist/YouGov,http://d25d2506sfb94s.cloudfront.net/cumulus_uploads/document/ffz614d2i8/econTabReport.pdf,2/18 - 2/20,1198 RV,48,48,Tie
https://dyn.realclearpolitics.com/epolls/other/president_trump_job_approval-6179.html,Quinnipiac,https://poll.qu.edu/national/release-detail?ReleaseID=2431,2/16 - 2/21,1323 RV,38,55,-17
https://dyn.realclearpolitics.com/epolls/other/president_trump_job_approval-6179.html,McClatchy/Marist,http://www.mcclatchydc.com/news/politics-government/white-house/article134111259.html,2/15 - 2/19,865 RV,41,49,-8
https://dyn.realclearpolitics.com/epolls/other/president_trump_job_approval-6179.html,Gallup,http://www.gallup.com/poll/201617/gallup-daily-trump-job-approval.aspx,2/12 - 2/14,1500 A,40,53,-13
https://dyn.realclearpolitics.com/epolls/other/president_trump_job_approval-6179.html,Economist/YouGov,https://d25d2506sfb94s.cloudfront.net/cumulus_uploads/document/qlp5mza3xp/trackingreport.pdf,2/12 - 2/14,1100 RV,46,49,-3
https://dyn.realclearpolitics.com/epolls/other/president_trump_job_approval-6179.html,Rasmussen Reports,http://www.rasmussenreports.com/public_content/politics/trump_administration/trump_approval_index_history,2/12 - 2/14,1500 LV,53,47,+6
https://dyn.realclearpolitics.com/epolls/other/president_trump_job_approval-6179.html,FOX News,http://www.foxnews.com/politics/interactive/2017/02/14/fox-news-poll-february-14-2017/,2/11 - 2/13,1013 RV,48,47,+1
https://dyn.realclearpolitics.com/epolls/other/president_trump_job_approval-6179.html,Reuters/Ipsos,http://www.ipsos-na.com/news-polls/pressrelease.aspx?id=7573,2/10 - 2/14,1774 A,46,50,-4
https://dyn.realclearpolitics.com/epolls/other/president_trump_job_approval-6179.html,Pew Research,http://www.pewresearch.org/fact-tank/2017/02/16/does-poll-include-or-exclude-nonvoters/,2/7 - 2/12,1246 RV,42,54,-12
https://dyn.realclearpolitics.com/epolls/other/president_trump_job_approval-6179.html,PPP (D),http://www.publicpolicypolling.com/pdf/2017/PPP_Release_National_21017.pdf,2/7 - 2/8,712 RV,43,53,-10
https://dyn.realclearpolitics.com/epolls/other/president_trump_job_approval-6179.html,Economist/YouGov,https://d25d2506sfb94s.cloudfront.net/cumulus_uploads/document/7il49ljhig/econTabReport.pdf,2/5 - 2/7,1315 RV,44,49,-5
https://dyn.realclearpolitics.com/epolls/other/president_trump_job_approval-6179.html,Gallup,http://www.gallup.com/poll/201617/gallup-daily-trump-job-approval.aspx,2/5 - 2/7,1500 A,43,52,-9
https://dyn.realclearpolitics.com/epolls/other/president_trump_job_approval-6179.html,Emerson,http://media.wix.com/ugd/3bebb2_1a134cae19f148f791a52965f001f026.pdf,2/5 - 2/6,617 RV,48,47,+1
https://dyn.realclearpolitics.com/epolls/other/president_trump_job_approval-6179.html,Rasmussen Reports,http://www.rasmussenreports.com/public_content/politics/trump_administration/trump_approval_index_history,2/5 - 2/7,1500 LV,53,47,+6
https://dyn.realclearpolitics.com/epolls/other/president_trump_job_approval-6179.html,Reuters/Ipsos,http://www.ipsos-na.com/news-polls/pressrelease.aspx?id=7570,2/3 - 2/7,1896 A,48,47,+1
https://dyn.realclearpolitics.com/epolls/other/president_trump_job_approval-6179.html,Quinnipiac,https://poll.qu.edu/national/release-detail?ReleaseID=2427,2/2 - 2/6,1155 RV,42,51,-9
https://dyn.realclearpolitics.com/epolls/other/president_trump_job_approval-6179.html,CBS News,http://www.cbsnews.com/news/americans-sharply-divided-along-partisan-lines-over-travel-ban-trump-cbs-news-poll/,2/1 - 2/2,1019 A,40,48,-8
https://dyn.realclearpolitics.com/epolls/other/president_trump_job_approval-6179.html,CNN/ORC,http://i2.cdn.turner.com/cnn/2017/images/02/03/rel2a.-.trump.pdf,1/31 - 2/2,1002 A,44,53,-9
https://dyn.realclearpolitics.com/epolls/other/president_trump_job_approval-6179.html,IBD/TIPP,http://www.investors.com/politics/51-back-trumps-temporary-ban-on-refugees-ibdtipp-poll/,1/27 - 2/2,885 A,42,48,-6
https://dyn.realclearpolitics.com/epolls/other/president_trump_job_approval-6179.html,PPP (D),http://www.publicpolicypolling.com/pdf/2017/PPP_Release_National_2217.pdf,1/30 - 1/31,725 RV,47,49,-2
https://dyn.realclearpolitics.com/epolls/other/president_trump_job_approval-6179.html,Gallup,http://www.gallup.com/poll/201617/gallup-daily-trump-job-approval.aspx,1/29 - 1/31,1500 A,43,52,-9
https://dyn.realclearpolitics.com/epolls/other/president_trump_job_approval-6179.html,Rasmussen Reports,http://www.rasmussenreports.com/public_content/politics/trump_administration/trump_approval_index_history,1/29 - 1/31,1500 LV,53,47,+6
https://dyn.realclearpolitics.com/epolls/other/president_trump_job_approval-6179.html,Economist/YouGov,https://d25d2506sfb94s.cloudfront.net/cumulus_uploads/document/rat7jsde5z/econTabReport.pdf,1/28 - 1/31,1278 RV,47,45,+2
https://dyn.realclearpolitics.com/epolls/other/president_trump_job_approval-6179.html,Reuters/Ipsos,http://www.ipsos-na.com/news-polls/pressrelease.aspx?id=7558,1/27 - 1/31,3151 A,46,47,-1
https://dyn.realclearpolitics.com/epolls/other/president_trump_job_approval-6179.html,Economist/YouGov,http://d25d2506sfb94s.cloudfront.net/cumulus_uploads/document/pyonz5d0lq/econTabReport.pdf,1/23 - 1/25,2312 RV,43,39,+4
https://dyn.realclearpolitics.com/epolls/other/president_trump_job_approval-6179.html,PPP (D),http://www.publicpolicypolling.com/pdf/2015/PPP_Release_National_12617.pdf,1/23 - 1/24,1043 RV,44,44,Tie
https://dyn.realclearpolitics.com/epolls/other/president_trump_job_approval-6179.html,Quinnipiac,https://poll.qu.edu/national/release-detail?ReleaseID=2420,1/20 - 1/25,1190 RV,36,44,-8
https://dyn.realclearpolitics.com/epolls/other/president_trump_job_approval-6179.html,Gallup,http://www.gallup.com/poll/201617/gallup-daily-trump-job-approval.aspx,1/22 - 1/24,1500 A,46,45,+1
https://dyn.realclearpolitics.com/epolls/other/president_trump_job_approval-6179.html,Rasmussen Reports,http://www.rasmussenreports.com/public_content/politics/trump_administration/trump_approval_index_history,1/22 - 1/24,1500 LV,57,43,+14
https://dyn.realclearpolitics.com/epolls/other/president_trump_job_approval-6179.html,Reuters/Ipsos,http://www.ipsos-na.com/news-polls/pressrelease.aspx?id=7550,1/20 - 1/24,1633 A,43,45,-2
