WilliWaste
Name,Description,Address,City,Phone
willimantic recycling & scrap metals facilities,"receives scrap metals of all types and grades, corrugated cardboard, newspaper, mixed papers, high grades, commingled containers and source-separated recyclables of all kinds.",185 recycling way,"willimantic, ct 06226",phone: 860-423-4527
willimantic waste reduction & processing facility,"receives a full range of remodeling, construction and demolition, and bulky waste as well as municipal solid wastes.",1590 west main street,"willimantic, ct 06226",phone: (860) 423-4527
plainfield transfer station,transfer station for residents of the town of plainfield who possess a numbered permit sticker.,54 roode road,"plainfield, ct 06374",phone: (860) 376-7121
hauling district for willimantic waste paper,map & directions,133 packer road,"canterbury, ct 06331",phone: (860) 423-4527
killingly recycling center and transfer station,"general information , contact the town manager's office at (860) 779-5334",246 brick house road,"danielson, ct 06239",phone: (860) 779-5387
