﻿"url","Name","Name_link","Date","Day","Description"
"https://www.hebcal.com/holidays/2018","Tu BiShvat","https://www.hebcal.com/holidays/tu-bishvat","Jan 31","W","New Year for Trees"
"https://www.hebcal.com/holidays/2018","Shushan Purim","https://www.hebcal.com/holidays/shushan-purim","Mar 2","F","Purim celebrated in Jerusalem and walled cities"
"https://www.hebcal.com/holidays/2018","Pesach Sheni","https://www.hebcal.com/holidays/pesach-sheni","Apr 29","Su","Second Passover, one month after Passover"
"https://www.hebcal.com/holidays/2018","Lag BaOmer","https://www.hebcal.com/holidays/lag-baomer","May 3","Th","33rd day of counting the Omer"
"https://www.hebcal.com/holidays/2018","Tu B'Av","https://www.hebcal.com/holidays/tu-bav","Jul 27","F","Jewish holiday of love, similar to Valentine's Day"
