question_id,table_id,score
0,0,0.6476819343668099
1,0,0.6486472200236565
2,0,0.5816612458414289
3,0,0.6539504673777385
4,0,0.6750285875249401
5,1,0.6684548759494586
6,1,0.641699144344018
7,1,0.682225644951957
8,2,0.5976405037310872
9,2,0.7701598094932081
10,2,0.6092692746223065
11,2,0.5780247894896288
12,3,0.8601663260145795
13,3,0.8601663260145795
14,4,0.7239380297764292
15,4,0.7320675468246552
16,4,0.7348250141796548
17,4,0.6973626115415201
18,4,0.6679228166110164
19,5,0.6004932179211072
20,5,0.5336779487922092
21,5,0.5339575323014928
22,5,0.7591219156681013
23,5,0.536794915490144
24,5,0.44944761261478183
25,5,0.5675785311074621
26,5,0.5358107173137406
27,5,0.5431346783510788
28,6,0.4976677318656227
29,6,0.464348295226922
30,6,0.5098252770457609
31,6,0.46574175618812375
32,6,0.4206644235116543
33,6,0.47906866488210526
34,8,0.4279921063588533
35,8,0.391118983874173
36,8,0.7180950338946481
37,8,0.5528957066640167
38,9,0.4388690056719824
39,9,0.4458595478588372
40,10,0.4642159543046109
41,10,0.45491165639529557
42,10,0.45491165639529557
43,10,0.48253706740395286
44,10,0.589795443951547
45,10,0.4660500051802409
46,10,0.6700375638406973
47,10,0.44619259569672415
48,11,0.4711872610639415
49,11,0.5567673711901229
50,12,0.6220488373733519
51,12,0.7015886591756799
52,12,0.6355553443554509
53,12,0.6786780978461713
54,13,0.5725382043184973
55,13,0.5978134575815224
56,14,0.6202349804905674
57,14,0.7312403882315651
58,15,0.3243623753366204
59,15,0.43979984286735163
60,16,0.42719680193655823
61,16,0.5897913701152399
62,16,0.48975422011072955
63,16,0.4913268977235479
64,16,0.4269850616635777
65,17,0.6493225515201498
66,17,0.7647901521246573
67,17,0.6288213348291526
68,17,0.7178479296211303
69,18,0.47483733332717876
70,18,0.6456341696539754
71,18,0.5255666156511823
72,18,0.5067870634552295
73,18,0.5891644027032665
74,18,0.5914138876526014
75,18,0.5421897758536637
76,18,0.5015344382154102
77,19,0.7516337984477681
78,19,0.779183819526323
79,19,0.7666483511791966
80,19,0.7896061379414092
81,20,0.5341212676210333
82,20,0.4813380932561207
83,20,0.5704555144869403
84,20,0.5550502777002291
85,20,0.5488894821099367
86,20,0.6879313711742858
87,21,0.39836850422500675
88,21,0.5083056038798851
89,21,0.5117152492813282
90,21,0.3600065862733002
91,21,0.47592549964407627
92,21,0.49749275740356347
93,22,0.5885994653614839
94,22,0.5440133021729022
95,22,0.6333936933197754
96,23,0.414575111217775
97,23,0.8011792277985232
98,23,0.6772449291433759
99,23,0.5533104106987113
100,23,0.5493545807355162
101,24,0.5440028287864069
102,24,0.517325915646066
103,24,0.45803822930618093
104,24,0.5207577323859491
105,24,0.5373142073212914
106,24,0.48303115468276003
107,24,0.5305569443548054
108,25,0.49476692727288046
109,25,0.4427548753614108
110,25,0.4384157377462107
111,25,0.47722788691957946
112,25,0.4568911267922978
113,25,0.4716629927692119
114,26,0.7259700539603061
115,26,0.5475577703091762
116,26,0.7900988895298073
117,26,0.70951613974504
118,26,0.6548909379776373
119,27,0.40392888847313657
120,27,0.39458141563428695
121,27,0.5695266863523936
122,27,0.4469754308098312
123,27,0.535193655886526
124,27,0.43465503267166483
125,27,0.5806101390948936
126,29,0.5617256496739954
127,29,0.47920285942677726
128,29,0.52026216110982
129,29,0.45138150261386956
130,29,0.4979204279627553
131,29,0.46443194608217886
132,30,0.6884042865130107
133,30,1.0
134,31,0.49079992623396584
135,31,0.4667568825290795
136,31,0.5274940337064568
137,31,0.47570985777636715
138,31,0.4423957809894262
139,31,0.47288012589850215
140,32,0.545043549140723
141,32,0.5644523231979613
142,32,0.7296547558058142
143,32,0.7262039806456094
144,32,0.531259081617294
145,32,0.57690758243194
146,32,0.5049914266847816
147,32,0.6294523176585896
148,32,0.5144207118507444
149,32,0.6617203016190089
150,33,0.47419069586472334
151,33,0.6811683505467359
152,33,0.656099504446196
153,33,0.7506057219676757
154,33,0.569969434889366
155,33,0.5901063043744889
156,33,0.45766090260993925
157,33,0.648174373427307
158,34,0.6297088637044509
159,34,0.6252091108030357
160,34,0.6230751969849234
161,34,0.7362688937986894
162,34,0.6252091108030357
163,35,0.5769407779079939
164,35,0.6645260128825456
165,35,0.531141469308639
166,35,0.5770126896329912
167,35,0.5109504439679767
168,35,0.49787959248319874
169,36,0.5432389018028339
170,36,0.4745935627404017
171,36,0.6678335802797665
172,36,0.5454717628265828
173,37,0.47582007773711177
174,37,0.5122365459321344
175,37,0.47335871149580544
176,37,0.50056310690506
177,37,0.516639347119389
178,38,0.5617726889492802
179,38,0.4001791722299078
180,38,0.44021161295860756
181,39,0.45986421060352295
182,39,0.42190594305812446
183,40,0.5802314188645769
184,40,0.69856280979281
185,40,0.6111880341160313
186,40,0.6103769469818044
187,40,0.7074974054547734
188,41,0.5096845020210888
189,41,0.5032038749298426
190,41,0.5054535445312469
191,41,0.5074514398182732
192,42,0.561510697198156
193,42,0.5165936305608421
194,42,0.6418513396067856
195,42,0.5557019689843085
196,42,0.53587600164775
197,42,0.5242787075223974
198,42,0.5190874731947531
199,42,0.523016792022416
200,43,0.6423670885691467
201,43,0.6532742426583448
202,43,0.6152257677327078
203,43,0.6205932245440772
204,43,0.4737579591908952
205,43,0.5024331329951269
206,44,0.6525306084880865
207,44,0.6734180753314054
208,44,0.5857518119515155
209,44,0.5797130349973675
210,44,0.6482137174362688
211,44,0.6610583158613476
212,44,0.6204345353780989
213,44,0.5951828869599939
214,44,0.5986587704858162
215,44,0.5951828869599939
216,44,0.6164539401539086
217,45,0.5019421222584167
218,45,0.5080238616829851
219,45,0.5098914807990588
220,45,0.5765968048784831
221,45,0.5022171867594787
222,45,0.4233901485301297
223,45,0.4859912020508761
224,45,0.4414837045096881
225,46,0.39724003804333513
226,46,0.397638574151127
227,46,0.4772599877561991
228,46,0.44530567713025015
229,47,0.5973237436096712
230,47,0.5941673493316166
231,47,0.5529097381527982
232,47,0.6033329744761099
233,47,0.6534405334955942
234,47,0.5610167178874506
235,47,0.5207323154799238
236,48,0.3833256607101923
237,48,0.4012326980589258
238,48,0.5108480248386397
239,48,0.37087940096845506
240,48,0.43261184718741097
241,48,0.44839383669583577
242,49,0.5067521421096266
243,49,0.5558543134234053
244,49,0.5710552447449807
245,49,0.5558543134234053
246,49,0.4348498717498133
247,49,0.5742020467970249
248,50,0.7828162751336644
249,50,1.0
250,50,0.7828162751336644
251,50,0.7828162751336644
252,51,0.5877998102927442
253,51,0.5862260725230977
254,51,0.6551269480037261
255,51,0.6085852794214679
256,52,0.6178557855897466
257,52,0.5066098990686038
258,52,0.5754260079021842
259,52,0.41444019468000115
260,52,0.5263160217417829
261,53,0.6671397308534335
262,53,0.7086701040011975
263,53,0.6367098831762734
264,53,0.7092590439580623
265,53,0.6971893712325555
266,53,0.6669698071434823
267,53,0.6769842947785013
268,54,0.48499412429497796
269,54,0.4242897132613775
270,54,0.429580930804202
271,54,0.4121650898528018
272,54,0.4039114903528859
273,55,0.544273834192953
274,55,0.544273834192953
275,55,0.5499285573087003
276,55,0.5499285573087003
277,55,0.5745326430521538
278,55,0.5745326430521538
279,55,0.6384736574764406
280,55,0.6384736574764406
281,55,0.6538697357999868
282,55,0.6538697357999868
283,55,0.6558197742223525
284,55,0.6558197742223525
285,55,0.5626919493169509
286,55,0.5626919493169509
287,55,0.5634209368500679
288,55,0.5634209368500679
289,55,0.5483909304681306
290,55,0.5483909304681306
291,55,0.5607796889936308
292,55,0.5607796889936308
293,56,0.45281071185655075
294,56,0.3984568144125713
295,56,0.4640448157971802
296,56,0.5215782717358431
297,56,0.5022877679870689
298,56,0.45696166965562
299,56,0.44804624421787437
300,56,0.4472425949185533
301,57,0.4802411025369434
302,57,0.4819480960349793
303,57,0.5474076738556072
304,57,0.5306811960494625
305,57,0.4878013992352812
306,57,0.46174690874373797
307,57,0.5305744425484948
308,57,0.5322236288326335
309,57,0.519448694664667
310,57,0.5266665214356302
311,58,0.6232402197323174
312,58,0.5456328535192754
313,58,0.7529477271962206
314,58,0.6084330469215795
315,58,0.8266380144984553
316,58,0.7889402024897552
317,58,0.6487100836983658
318,58,0.5060277594459249
319,58,0.5483090606970022
320,58,0.5513934372092874
321,59,0.500769869497513
322,59,0.5418643570863173
323,59,0.6574415523910386
324,59,0.5561720910258764
325,60,0.51354749248575
326,60,0.508488904847058
327,60,0.5121618460632047
328,60,0.554895818095303
329,60,0.5264374725067182
330,60,0.532330585451615
331,60,0.43113748460779167
332,60,0.4258633405576194
333,60,0.4900819816937674
334,61,0.439171175318699
335,61,0.40370612176933685
336,61,0.4681749139913028
337,61,0.34119082627931474
338,61,0.4631825603857337
339,61,0.40268078753798475
340,61,0.4712575528031261
341,61,0.4712575528031261
342,62,0.4522255126324022
343,62,0.525401456907022
344,62,0.5685096435898199
345,62,0.48342555228994055
346,62,0.38471517803794925
347,62,0.43768592125959604
348,62,0.4245870263409522
349,62,0.5037091328104933
350,62,0.47048423621074914
351,62,0.4755091271093548
352,63,0.4780550440593358
353,63,0.48574216611662896
354,63,0.4697819604536692
355,63,0.4649238283914195
356,64,0.46314571035650537
357,64,0.6384714534926063
358,65,0.7446196162538559
359,65,0.4953061630990043
360,65,0.5961972244693877
361,65,0.47516662829914597
362,65,0.7446196162538559
363,66,0.5182096192556452
364,66,0.597342992727536
365,66,0.533025774254893
366,66,0.5091840618921517
367,67,0.6194125369185229
368,67,0.6173603638684689
369,67,0.5113707567740752
370,67,0.5178964036643882
371,68,0.5205555304172133
372,68,0.46295642690649225
373,68,0.5626621425169881
374,68,0.4712210427062167
375,68,0.44109931670501923
376,69,0.5036046672055022
377,69,0.7077100529660262
378,69,0.7691304286011252
379,70,0.5930751405276967
380,70,0.601674729447916
381,70,0.4415795182050794
382,70,0.5361638738416985
383,70,0.41234967018198804
384,71,0.4608122082093729
385,71,0.6540218533258234
386,72,0.5131953409454352
387,72,0.49579614738364347
388,72,0.48843483459305
389,72,0.49461073012767726
390,72,0.4639748478766588
391,72,0.42874127881203644
392,73,0.3759513558852237
393,73,0.6190274749303847
394,73,0.6194291077865192
395,73,0.5237118586880389
396,73,0.5279683749113065
397,73,0.5242876242375579
398,74,0.48699250429457036
399,74,0.7597958707588618
400,74,0.8247410628306225
401,75,0.4782867425690174
402,75,0.42568553580942214
403,75,0.5613721270709341
404,75,0.49500400682300927
405,75,0.4749747976655601
406,75,0.5129810027970856
407,75,0.49608511200552224
408,75,0.48386718690110064
409,75,0.5001739443487816
410,75,0.5174178715855259
411,76,0.4825406193926381
412,76,0.5108105685907705
413,76,0.5788090486959011
414,76,0.49309073337860987
415,76,0.5374611613022269
416,76,0.6181082046567358
417,76,0.6071725161763663
418,76,0.5120002315256733
419,76,0.4885417101856547
420,76,0.5690138512264207
421,76,0.5532108923003679
422,76,0.4876060873590937
423,77,0.5661870908742989
424,77,0.5044954266701313
425,77,0.4700327182220468
426,77,0.4830845367297987
427,77,0.5333688999181362
428,77,0.5563609323389253
429,77,0.4883495322925426
430,78,0.555677090810074
431,78,0.5967236767259161
432,78,0.539617345121343
433,78,0.5167319584113842
434,78,0.5800625121122069
435,78,0.5210583801261265
436,78,0.47595612837915546
437,78,0.530138762764965
438,79,0.7610276139131364
439,79,0.7610276139131364
440,79,0.6307702797262643
441,79,0.639022702097978
442,79,0.639022702097978
443,79,0.639022702097978
444,79,0.62472772006715
445,79,0.6247992965737265
446,79,0.6165923757373754
447,79,0.6170120445227962
448,79,0.6176240068587759
449,79,0.8690176692247044
450,80,0.39870700804220355
451,80,0.4212654738060055
452,80,0.598522982334693
453,80,0.42837222983987994
454,80,0.5343163558821544
455,81,0.48672945116169514
456,81,0.4634344796055576
457,81,0.446762416483996
458,81,0.5105719884919059
459,81,0.4599015515325402
460,81,0.4533900315104148
461,81,0.46333304454648017
462,81,0.514601436477732
463,81,0.4525379328900968
464,81,0.44052470518248654
465,81,0.4371317297959338
466,81,0.5001906520095658
467,82,0.6485172636617895
468,82,0.5990051769744756
469,82,0.5622043930291056
470,82,0.6128137682240977
471,82,0.6432782528785387
472,82,0.6430639834983941
473,82,0.5504549263349577
474,82,0.5821315373069582
475,83,0.5786382791478577
476,83,0.5890983311554392
477,83,0.5669387494007668
478,83,0.6393497824020568
479,83,0.5950011444265744
480,83,0.5950177174245784
481,84,0.4350901096039989
482,84,0.46428679030389536
483,84,0.4992416314021476
484,84,0.512645490350914
485,84,0.5192600886032795
486,84,0.5194112084966018
487,84,0.5302419534157237
488,85,0.5155918404684909
489,85,0.6021982892077622
490,85,0.4378868519321474
491,85,0.6370664358256463
492,85,0.4994589584789306
493,85,0.5806339271565384
494,85,0.5776884792325029
495,86,0.42204797064213473
496,86,0.44510645154636114
497,86,0.42608839671784665
498,86,0.5227665807445598
499,86,0.4458620242984897
500,86,0.46118556211585243
501,86,0.49116616396274565
502,86,0.45682975493938166
503,87,0.8450433524885739
504,87,0.43708908054976825
505,87,0.43705483305939213
506,87,0.47498429853598667
507,87,0.4445991814204861
508,87,0.7172636272846105
509,87,0.7312224083936427
510,87,0.726379342086844
511,87,0.726379342086844
512,87,0.726379342086844
513,87,0.726379342086844
514,87,0.8380042947577154
515,87,0.9372477303188066
516,88,0.9999999999999999
517,88,0.9999999999999999
518,88,0.9999999999999999
519,88,0.47785787233474797
520,89,0.5266535970478027
521,89,0.5089483006085037
522,89,0.4361954602301856
523,90,0.7116303854753762
524,90,0.8312554469843093
525,91,0.702417458021645
526,92,0.536884915094109
527,92,0.4273421621503266
528,92,0.4273421621503266
529,92,0.744423464443145
530,92,0.5209095244488532
531,92,0.5209095244488532
532,92,0.4949910298316136
533,92,0.4949910298316136
534,92,0.510383035689165
535,92,0.4353143935306201
536,92,0.4353143935306201
537,93,0.8770700930529765
538,93,0.9425790532693747
539,93,0.8770700930529765
540,94,0.5290917161977641
541,94,0.6579608663354543
542,95,0.42344302119672433
543,95,0.4088737625674696
544,95,0.4503672747507652
545,95,0.39366336439271904
546,95,0.39366336439271904
547,95,0.4599917895481588
548,95,0.4598821702368142
549,95,0.4539817182720206
550,95,0.4208287901326179
551,95,0.43914561324324897
552,95,0.43914561324324897
553,95,0.4474879917941738
554,95,0.3903398632833849
555,96,0.5817711585708064
556,96,0.5817711585708064
557,96,0.533496057845813
558,96,0.533496057845813
559,96,0.6024130587698628
560,96,0.7458777522513067
561,96,0.4773906024515598
562,96,0.4773906024515598
563,97,0.39558643263759685
564,97,0.40398409047654327
565,97,0.3766096101331648
566,97,0.4614499037539542
567,97,0.40198308517881176
568,97,0.4341954392934867
569,97,0.4484380524660818
570,97,0.40663576854370037
571,98,0.399442708664489
572,99,0.3893664270630639
573,99,0.698191543337409
574,100,0.5124340324297525
575,100,0.4894621562661273
576,100,0.47586290191001
577,100,0.5066152467755056
578,100,0.41547536987050354
579,100,0.46604674263380835
580,100,0.42453623910181115
581,100,0.49531189523327696
582,100,0.5524613606149856
583,101,0.780408307428198
584,101,0.780408307428198
585,101,1.0
586,102,0.5661362352533981
587,102,0.5483657831929565
588,103,0.4827537203578739
589,103,0.4937954589602569
590,103,0.5728321503247478
591,103,0.4921612307646451
592,103,0.5275453076077451
593,103,0.4646575864002827
594,103,0.5358854435448048
595,104,0.6069956383412987
596,104,0.7108481767756121
597,104,0.6078393269079833
598,104,0.9361725128107755
599,104,0.9361725128107755
600,104,0.6959143016964344
601,105,0.5584009450744454
602,105,0.7070042814956535
603,105,0.6633480421022533
604,105,0.7199789823396945
605,105,0.620592611153705
606,105,0.49210209844020014
607,105,0.7926995066733282
608,105,0.7106602636240216
609,106,0.5209819916813091
610,106,0.4226362524920438
611,106,0.39103708492524925
612,106,0.6350599366115822
613,106,0.52989927365679
614,107,0.7115875194826046
615,107,0.5197439495616883
616,107,0.627039058986838
617,107,0.6741804295842568
618,107,0.6467599929180933
619,107,0.7697846613146497
620,108,0.6346876056377009
621,108,0.7340560033903905
622,108,0.7337276572431873
623,108,0.6524170245994628
624,108,0.6836592545035548
625,109,0.5443814312505397
626,109,0.6753169613193373
627,109,0.4485571526286341
628,109,0.5259160049597804
629,110,0.3667438633564633
630,110,0.3989333029343345
631,110,0.42859729217516246
632,110,0.44365560916536323
633,110,0.595480274223179
634,110,0.6122642216853525
635,111,0.7620781243972568
636,111,0.5650876450642216
637,111,0.647913040486853
638,112,0.49570706273324
639,112,0.5281890866785005
640,112,0.49854998936128175
641,112,0.41303347139348234
642,113,0.46048076452789694
643,113,0.45893263855017447
644,113,0.43910524298885173
645,113,0.44459318601245584
646,113,0.40893354043939817
647,113,0.467240057076371
648,113,0.5197826966806753
649,113,0.3546357597159007
650,114,0.45597017455381905
651,114,0.4696913943754292
652,114,0.44934273970890093
653,114,0.47044597382721504
654,114,0.49328653067878536
655,114,0.4521988434571201
656,114,0.45746566050977017
657,114,0.4558228589053359
658,114,0.4558228589053359
659,115,0.45224108626323106
660,115,0.4532560726764996
661,115,0.4611694019157258
662,115,0.4782775390884358
663,115,0.4749724545182894
664,115,0.48841029334533226
665,115,0.4724961677960225
666,115,0.45709201920781417
667,116,0.5167993140727735
668,116,0.557234448589766
669,116,0.4704476942922984
670,116,0.5150729214504369
671,116,0.5077637695606259
672,116,0.48347424945950307
673,116,0.41333771582818274
674,116,0.557234448589766
675,116,0.45119805614100317
676,117,0.422535594151592
677,117,0.6343269814035543
678,117,0.510617055019541
679,117,0.5469442335421582
680,117,0.4979250657290642
681,118,0.6083630733096417
682,118,0.562146283370237
683,118,0.4803863975608611
684,118,0.4737550529521793
685,118,0.5442486674355203
686,118,0.5170219245399014
687,118,0.5041175600602665
688,118,0.41594656825000353
689,118,0.5374514407462212
690,118,0.538879004225206
691,118,0.5095250774781049
692,118,0.5544656182606865
693,119,0.32217288760829976
694,119,0.42318956502397587
695,119,0.426428045822375
696,119,0.49406385408365666
697,119,0.45632333514636575
698,119,0.412325365896325
699,119,0.3933349220682712
700,119,0.36045473632863756
701,119,0.4405859202611874
702,119,0.3970613583032886
703,120,0.4102703852665266
704,120,0.4828162799410722
705,120,0.5433984042749089
706,120,0.5538856226188603
707,120,0.5368970192711346
708,120,0.5339896159712794
709,120,0.49839263881284485
710,120,0.5096837552957921
711,121,0.6006780385122517
712,121,0.7048739585095831
713,121,0.47262637703145033
714,122,0.569465186205331
715,122,0.5546339544670533
716,122,0.551573358002278
717,122,0.5980714768327454
718,123,0.6065626888548491
719,123,0.7936017966864842
720,123,0.7061460693995775
721,124,0.5433374426250077
722,124,0.5296540933669112
723,124,0.5135454247786597
724,124,0.5060164798626607
725,124,0.48478501057469137
726,124,0.479906554828371
727,124,0.497792629603587
728,124,0.5368366457323612
729,124,0.5370070264634675
730,124,0.5043100806224793
731,124,0.4944892828498655
732,124,0.5874231463320388
733,125,0.46238386961086475
734,125,0.48108997467358416
735,125,0.4499487257060186
736,125,0.4963086442513408
737,125,0.4953788005600007
738,125,0.4546135396884012
739,125,0.4146028345143348
740,125,0.5149305552772319
741,126,0.6052099202809131
742,126,0.4412882595524708
743,127,0.8933776527343302
744,127,0.8933776527343302
745,128,0.5040982246646074
746,129,0.46084725544222765
747,129,0.3604102992366974
748,129,0.36224524416789355
749,129,0.33726795666393045
750,129,0.5229971577009681
751,129,0.5286078197185026
752,129,0.5644673231868084
753,129,0.5645165078862173
754,129,0.46116530117235416
755,129,0.5411423377208694
756,129,0.5411423377208694
757,129,0.5568874528865927
758,129,0.3256520299464003
759,129,0.38086030320441816
760,129,0.36888333494220316
761,129,0.3717646863070524
762,129,0.412857199629645
763,129,0.5622785277711664
764,130,0.4436951598751086
765,130,0.47669183556590405
766,130,0.43255539729022496
767,130,0.4962424287549287
768,130,0.4816200436494533
769,130,0.4208714429215897
770,130,0.42879616628282785
771,130,0.42762752083004435
772,130,0.521153609589999
773,130,0.48524331930092474
774,130,0.4405536212335865
775,130,0.4287995072306549
776,130,0.41934594513163126
777,131,0.6705676636782651
778,131,0.707053286220986
779,131,0.707053286220986
780,131,0.7269942701782266
781,131,0.7269942701782266
782,131,0.7269942701782266
783,131,0.7324155667920109
784,132,0.42730805603876365
785,132,0.4643535715782915
786,132,0.430073572827521
787,132,0.5887118733494591
788,132,0.5810385641880798
789,132,0.5224129349963108
790,133,0.6073766872878343
791,133,0.6742049568739803
792,133,0.5085293899629951
793,133,0.5081693695715626
794,133,0.5614551239681062
795,133,0.5728791452780495
796,133,0.5587374652013724
797,133,0.5573204207174584
798,133,0.5635180882588811
799,133,0.6134293829035383
800,134,0.5510146318147402
801,134,0.5510146318147402
802,134,0.5512840305760867
803,134,0.47623097876533615
804,134,0.6146413161351749
805,134,0.6365185979526513
806,134,0.6365185979526513
807,134,0.5966764526542426
808,134,0.5966764526542426
809,134,0.5400619161705612
810,135,0.42618781244207266
811,135,0.401577565516214
812,135,0.43075985687907664
813,135,0.4377450699474281
814,135,0.48534759784989057
815,136,0.8048904384371689
816,137,0.3511249761692317
817,137,0.7705144450342285
818,137,0.7005976080415184
819,137,0.7005976080415184
820,138,0.5350680608087056
821,138,0.5459529031525692
822,138,0.5756432687842732
823,138,0.5706013427021479
824,138,0.5312366337825729
825,138,0.4686665738006305
826,138,0.5104323924004299
827,138,0.532074805499748
828,139,0.7089474447644967
829,139,0.4788423186980049
830,140,0.6389561723578161
831,140,0.6258688289273011
832,140,0.5588034761080655
833,140,0.6611829029466062
834,140,0.6968046936401289
835,141,0.5506889207652531
836,141,0.6677911935835135
837,141,0.570743435688342
838,142,0.4527724143140331
839,142,0.4173624795233861
840,142,0.47289842726759396
841,142,0.6117403522330241
842,142,0.42113014093270823
843,143,0.5701655676571623
844,143,0.46081087085381583
845,143,0.700064718365003
846,144,0.5179672386177894
847,144,0.44798237137580876
848,144,0.44798237137580876
849,145,0.44659126335311194
850,145,0.3696278788469034
851,145,0.49581358990999674
852,145,0.4549358179311505
853,145,0.4515438675758068
854,145,0.5116167475153038
855,146,0.44670635815116666
856,146,0.48900465338271787
857,147,0.6513873458749047
858,147,0.6938236146956391
859,147,0.7358043268294152
860,147,0.6955126296397784
861,147,0.7194381019183509
862,147,0.6795688941768845
863,147,0.5172022687224361
864,148,0.5490926455815406
865,148,0.5000224674126064
866,148,0.5000649372235138
867,148,0.38135391050668793
868,148,0.45754682770557237
869,148,0.4522000321156405
870,148,0.44588054287403284
871,148,0.4541946940671367
872,148,0.47767377981182074
873,148,0.43291604367053094
874,148,0.42728307985523645
875,148,0.5290882677584039
876,148,0.4925108545448311
877,148,0.5006743322856888
878,149,0.5627529123500249
879,149,0.5333005328504681
880,149,0.45430184089411374
881,149,0.4946651730257004
882,149,0.4948930931982534
883,149,0.5308154472117824
884,149,0.56226302388411
885,150,0.4128694469453934
886,150,0.39954538925899336
887,150,0.38961910721126547
888,150,0.5247943015249197
889,150,0.46732317229348214
890,150,0.523809664555537
891,150,0.6250264107793069
892,151,0.42911100858274087
893,151,0.38131649752771
894,151,0.5311308175363038
895,151,0.41767211528149417
896,151,0.42491095046483585
897,152,0.7787823806023948
898,152,0.7190113546854678
899,153,0.41030716458912125
900,153,0.4153798842898274
901,153,0.43174973382210047
902,153,0.3690600403377363
903,153,0.3875097942242031
904,154,0.47428407199351896
905,154,0.4629555321577507
906,154,0.4739857909793109
907,154,0.4835014501738996
908,154,0.47786974421514233
909,154,0.4744916453163933
910,154,0.451937212021556
911,154,0.4394213417989214
912,154,0.46288787070848814
913,155,0.5335640891860991
914,156,0.5413103465802797
915,156,0.6229050966615653
916,156,0.5556970923045649
917,156,0.7545994796687054
918,157,0.46641562215567073
919,157,0.8537177485255593
920,157,0.6014625359053613
921,157,0.5161809664707333
922,157,0.5215080423200388
923,157,0.5703968388036043
924,158,0.33735939115551583
925,158,0.6921549289135374
926,158,0.2862454428906904
927,159,0.6135276159343145
928,160,0.4567348205141521
929,160,0.4546124769539627
930,160,0.49572680558948534
931,160,0.536575877563716
932,160,0.4985905071701551
933,160,0.5492420744632179
934,160,0.4356362766956612
935,160,0.48451296118370507
936,160,0.5087295396063526
937,161,0.5698240566573103
938,161,0.5577161176103427
939,161,0.429252222728981
940,162,0.4387716318300885
941,162,0.37430967906228685
942,162,0.38968748379169416
943,162,0.3862355904497243
944,162,0.4599705427198996
945,162,0.3906773683893397
946,162,0.3850089338854889
947,162,0.3852021970440835
948,162,0.39031882683980423
949,163,0.4730060387469985
950,163,0.5026348630646086
951,163,0.5640399859801759
952,163,0.5096522779711773
953,163,0.5743650593663469
954,163,0.49024166170394284
955,163,0.555637159659572
956,163,0.5731212430776825
957,163,0.551661878023352
958,164,0.490664491040053
959,164,0.6247371516544951
960,164,0.7225633850661202
961,164,0.798513822827761
962,165,0.6050490922339544
963,165,0.6627347826704975
964,166,0.36555284017088746
965,166,0.44609475976210283
966,166,0.4231367360405159
967,166,0.3935613992196536
968,166,0.4328428090228853
969,167,0.47854024007404433
970,167,0.6259184702475044
971,167,0.8024486531330459
972,167,0.8961722755291373
973,168,0.6497988321148048
974,168,0.6497988321148048
975,168,0.6497988321148048
976,169,0.44824230279366384
977,169,0.5297146881087516
978,169,0.49233449916993877
979,169,0.5113725599134085
980,169,0.47119153562223726
981,169,0.4320906651292754
982,169,0.5189240490902477
983,169,0.5150442206502786
984,169,0.5432645564968754
985,169,0.48666383752348347
986,169,0.48563897676490286
987,169,0.5012913710500295
988,169,0.524455130645477
989,169,0.4751896333260898
990,169,0.4581700353234488
991,169,0.5640107011393861
992,170,0.6740416154237396
993,170,0.6287765507470853
994,170,0.6816591212441446
995,170,0.8740519748584878
996,170,0.8303323786279918
997,171,0.5854427866357164
998,171,0.6047086248477476
999,171,0.6017734157225485
1000,171,0.527742690033596
1001,171,0.5159192433965705
1002,171,0.5913936291826978
1003,171,0.5451149731438061
1004,171,0.5514006780008125
1005,171,0.6368426873431995
1006,172,0.5039162864164464
1007,172,0.4560782156319609
1008,172,0.6091718657134465
1009,172,0.4524420563814802
1010,172,0.5159573800305816
1011,172,0.517686786009528
1012,172,0.497180201951658
1013,172,0.5580680602797203
1014,172,0.46583124144801197
1015,173,0.48882888417895287
1016,173,0.44414842457374143
1017,173,0.4999654518159266
1018,173,0.4450649219592771
1019,173,0.43909610709293395
1020,173,0.4323099598004888
1021,174,0.8102179845184199
1022,174,0.8329897373310723
1023,174,0.8473688377522692
1024,174,0.841319391650662
1025,176,0.4289592455294959
1026,176,0.4833175523361677
1027,176,0.4040642310738836
1028,176,0.4110355811962466
1029,176,0.42013958458724504
1030,176,0.3785241915308158
1031,176,0.5029756324086657
1032,177,0.47946583113640195
1033,177,0.5063552548455242
1034,177,0.5188873597539034
1035,177,0.4666462926393352
1036,178,0.42905022547483024
1037,178,0.5715744555751328
1038,178,0.603182020996409
1039,178,0.5040821573200857
1040,178,0.528808015759798
1041,178,0.5948976984956335
1042,179,0.4782372330698112
1043,179,0.5177633674479147
1044,179,0.49192239888622713
1045,179,0.5625354024504339
1046,179,0.6101267973120134
1047,179,0.45452777368075825
1048,179,0.5786577419771093
1049,180,0.44893272219324465
1050,180,0.4762151611906508
1051,180,0.493122760140232
1052,181,0.7344406247832828
1053,181,0.7078988142365265
1054,181,0.7213074803684952
1055,181,0.5808232750819183
1056,182,0.4340716944175712
1057,182,0.7440918854338663
1058,182,0.8231716127181654
1059,183,0.47047958334691076
1060,183,0.39650034041264365
1061,183,0.4414200309489645
1062,183,0.5314230747439833
1063,183,0.5832259835279697
1064,184,0.40465747775648875
1065,184,0.5995011357521903
1066,184,0.752344747678428
1067,185,0.6870454544357321
1068,185,0.6881855809330529
1069,185,0.8385866159914042
1070,186,0.42366432726989434
1071,186,0.6029249709723613
1072,186,0.4270352563943945
1073,186,0.41350472394191623
1074,186,0.49900690031825845
1075,187,0.4863595022389338
1076,187,0.47004445600592476
1077,187,0.5198026469591833
1078,188,0.4747150169848086
1079,188,0.4098831991519414
1080,188,0.4504469470589316
1081,189,0.4932847974830045
1082,189,0.530376825290799
1083,189,0.43751180532860423
1084,189,0.5070416123258329
1085,190,0.4903332882363607
1086,190,0.5830640970967641
1087,190,0.5375462754039487
1088,190,0.5505269542635248
1089,191,0.46083281633181417
1090,191,0.620082957808005
1091,191,0.5941718005357031
1092,191,0.5666485812749856
1093,191,0.5668521771959716
1094,192,0.5203367240428743
1095,192,0.5146531847053758
1096,192,0.5394472217653489
1097,193,0.4610902967404532
1098,193,0.4566253514706714
1099,194,0.5120640095874848
1100,194,0.6060256471595822
1101,194,0.5275551258333886
1102,195,0.4116551834178866
1103,195,0.4569184650522425
1104,195,0.46622030060596353
1105,195,0.4611069158405156
1106,195,0.5314297757221728
1107,195,0.3768091159912313
1108,196,0.5730254549492843
1109,196,0.7568466797128549
1110,196,0.9302199793343505
1111,196,0.7270697445544051
1112,197,0.44292480900838294
1113,197,0.44292480900838294
1114,197,0.45556157042117107
1115,197,0.45556157042117107
1116,197,0.46162284599970044
1117,197,0.46162284599970044
1118,197,0.43873722696774947
1119,197,0.43873722696774947
1120,198,0.3436175423960305
1121,198,0.7258490281966383
1122,198,0.49818501079488675
1123,198,0.5292121898937906
1124,199,0.47441456046476405
1125,199,0.596106672102034
1126,199,0.5521507267574117
1127,199,0.4762389210906914
1128,199,0.4680858770506918
1129,199,0.4329868028623234
1130,199,0.5399188205155394
1131,200,0.5074061500755871
1132,200,0.5046689800223003
1133,201,0.7008368828851387
1134,201,0.6769718153377681
1135,202,0.3907741866770818
1136,202,0.7446196162538559
1137,202,0.5883885409353133
1138,202,0.4572864133110386
1139,203,0.5000778535396466
1140,203,0.5301244188230186
1141,203,0.5184511095618755
1142,203,0.5488625330648432
1143,203,0.5220330818502502
1144,203,0.5498391554414176
1145,203,0.5114581482285768
1146,203,0.49557602607026807
1147,203,0.5208153679812854
1148,204,0.42404509382625866
1149,204,0.4629024698165301
1150,204,0.46231519743182814
1151,204,0.4745968244041733
1152,204,0.44024753955389634
1153,205,0.5490364998984227
1154,205,0.7168495772600854
1155,205,0.7656552789163774
1156,205,0.6956466414067276
1157,205,0.6794094062748853
1158,206,0.4881482509201979
1159,206,0.48047690855422853
1160,206,0.5920221714944266
1161,207,0.5161744177247667
1162,207,0.5086281473596301
1163,208,0.38284433431611603
1164,208,0.3938925142881553
1165,208,0.4323583250814562
1166,208,0.36401784845410307
1167,208,0.4496309686217604
1168,208,0.4912711970820893
1169,208,0.5044161305283272
1170,208,0.5036179006703959
1171,208,0.45374235001596147
1172,208,0.4929132544896264
1173,209,0.6277062280115706
1174,209,0.5053472273902324
1175,209,0.5759095360899599
1176,209,0.6491063404055666
1177,209,0.7199821256407513
1178,210,0.7755068366798117
1179,210,0.4025108439184542
1180,210,0.623096995556535
1181,211,0.44557260388712316
1182,211,0.4776867006527607
1183,211,0.47704304696738586
1184,211,0.5692879327056396
1185,212,0.5346980517429046
1186,212,0.5885779686498328
1187,212,0.7092310512092695
1188,213,0.45023043459638024
1189,213,0.4668548263664967
1190,213,0.5330257963692567
1191,213,0.48443487313087036
1192,213,0.4285073845121573
1193,213,0.49304691096797854
1194,213,0.47991508215090656
1195,213,0.44280419035361174
1196,213,0.4152558332465744
1197,213,0.44797475546142246
1198,214,0.7985768455461246
1199,214,0.790615861779086
1200,214,0.8780048649554619
1201,215,0.4734915241007161
1202,215,0.4983999760222749
1203,215,0.4940427879213876
1204,215,0.5078837825699088
1205,216,0.5855056687838647
1206,216,0.704344328592967
1207,216,0.704344328592967
1208,216,0.6529664889814724
1209,216,0.4946679008154147
1210,216,0.6010097419187355
1211,216,0.5533104106987113
1212,217,0.45855324781269835
1213,217,0.4136237382707315
1214,217,0.5314607746227501
1215,217,0.4563015811755368
1216,217,0.4717417915932084
1217,217,0.41857140027556594
1218,217,0.5315555339385905
1219,217,0.4733235875356341
1220,218,0.4473756753654551
1221,218,0.42080377555509896
1222,218,0.4103419137779385
1223,218,0.42591878402474503
1224,218,0.45045261590826413
1225,218,0.45544412621240343
1226,218,0.46586482026371656
1227,218,0.4778190146824305
1228,219,0.9223975672970537
1229,219,1.0
1230,220,0.7618182543814866
1231,220,0.7722934160931235
1232,221,0.5014966497749556
1233,221,0.6050696366860006
1234,221,0.6167208790174168
1235,221,0.5576175045766321
1236,221,0.5710466440003633
1237,221,0.5310608509164768
1238,221,0.5505877088556892
1239,221,0.5614845329198791
1240,221,0.5112453513002885
1241,222,0.47026672594102675
1242,222,0.4729041793247578
1243,222,0.4728505123647655
1244,222,0.543385168010981
1245,222,0.5123879631079602
1246,222,0.5939062042342348
1247,222,0.4585680010370969
1248,222,0.45704510140490207
1249,222,0.5754581030857975
1250,222,0.5178843353389735
1251,223,0.6333142359553449
1252,223,0.6333142359553449
1253,223,0.7065449941941223
1254,224,0.553327219214786
1255,224,0.8031964414556452
1256,224,0.7563059038235487
1257,224,0.7667013289661073
1258,225,0.5937396413285405
1259,225,0.6701687992457043
1260,225,0.6902465536708271
1261,226,0.9734875092999355
1262,226,0.9533754832691246
1263,226,0.9439339040375764
1264,226,0.8089467690991137
1265,226,0.949725765455699
1266,226,0.950656467206042
1267,226,0.9482447181004541
1268,226,0.7793658226826095
1269,227,0.5802244762290812
1270,227,0.6041718290348724
1271,227,0.6583156293595327
1272,227,0.47080537529849936
1273,227,0.5745170195471919
1274,227,0.6222724075645647
1275,227,0.6027883185037843
1276,227,0.4508965127511623
1277,227,0.5975469422315592
1278,228,0.4980360892585388
1279,228,0.5894816189930802
1280,228,0.43779131949148714
1281,228,0.5813986453685936
1282,228,0.4550702992366122
1283,228,0.44898448405828206
1284,228,0.4503602654447268
1285,228,0.3905505403443717
1286,228,0.5541194755642285
1287,228,0.39097554064779944
1288,229,0.5838266809736414
1289,229,0.7674885364062627
1290,230,0.4871345965838449
1291,230,0.4629495775602102
1292,230,0.6112043280531666
1293,230,0.6112043280531666
1294,231,0.5090605630241557
1295,231,0.5805958139542168
1296,231,0.5074770594110195
1297,231,0.5079676753529206
1298,231,0.4981721121230049
1299,232,0.4665713874560831
1300,232,0.5579002053911841
1301,232,0.5551077261463915
1302,232,0.4850760155282422
1303,232,0.48437838852750825
1304,233,0.5833329317230029
1305,233,0.5510692794881429
1306,233,0.5064795494550978
1307,234,0.655424905927092
1308,234,0.9046282869209408
1309,235,0.5758976348737598
1310,235,0.5959248435079295
1311,235,0.5293027874242455
1312,235,0.5753136851305303
1313,235,0.5551348966272363
1314,236,0.6785386590690994
1315,236,0.7232376672733749
1316,236,0.5817091528227412
1317,236,0.7582259970481572
1318,237,0.4258140295270402
1319,237,0.7867846049568026
