Academy_Award
url,keys,values
https://en.wikipedia.org/wiki/90th_Academy_Awards,Date,"March 4, 2018"
https://en.wikipedia.org/wiki/90th_Academy_Awards,Site,"Dolby Theatre
 Hollywood, Los Angeles, California, U.S."
https://en.wikipedia.org/wiki/90th_Academy_Awards,Hosted by,Jimmy Kimmel
https://en.wikipedia.org/wiki/90th_Academy_Awards,Preshow hosts,"Michael Strahan
 
Wendi McLendon-Covey
 
Sara Haines
 
Krista Smith
 
Dave Karger"
https://en.wikipedia.org/wiki/90th_Academy_Awards,Produced by,"Michael De Luca
 Jennifer Todd"
https://en.wikipedia.org/wiki/90th_Academy_Awards,Directed by,Glenn Weiss
https://en.wikipedia.org/wiki/90th_Academy_Awards,Best Picture; Best Picture,The Shape of Water
https://en.wikipedia.org/wiki/90th_Academy_Awards,Most awards,The Shape of Water (4)
https://en.wikipedia.org/wiki/90th_Academy_Awards,Most nominations,The Shape of Water (13)
https://en.wikipedia.org/wiki/90th_Academy_Awards,Network,ABC
https://en.wikipedia.org/wiki/90th_Academy_Awards,Duration,"3 hours, 53 minutes"
https://en.wikipedia.org/wiki/90th_Academy_Awards,Ratings,"26.5 million
 18.9% (Nielsen ratings)[1][2]"
