Table_1
url,Rank,Game,Game_link,Publisher,Meta_Score
http://www.metacritic.com/feature/best-video-games-of-2017,1,Persona 5,http://www.metacritic.com/game/playstation-4/persona-5,Atlus,93
http://www.metacritic.com/feature/best-video-games-of-2017,2,Undertale,http://www.metacritic.com/game/playstation-4/undertale,8-4 + Fangamer,92
http://www.metacritic.com/feature/best-video-games-of-2017,3,Final Fantasy XIV: Stormblood,http://www.metacritic.com/game/playstation-4/final-fantasy-xiv-stormblood,Square Enix,89
http://www.metacritic.com/feature/best-video-games-of-2017,4,Horizon Zero Dawn,http://www.metacritic.com/game/playstation-4/horizon-zero-dawn,Sony,89
http://www.metacritic.com/feature/best-video-games-of-2017,5,What Remains of Edith Finch,http://www.metacritic.com/game/playstation-4/what-remains-of-edith-finch,Annapurna Inter.,88
http://www.metacritic.com/feature/best-video-games-of-2017,6,NieR: Automata,http://www.metacritic.com/game/playstation-4/nier-automata,Square Enix,88
http://www.metacritic.com/feature/best-video-games-of-2017,7,Okami HD,http://www.metacritic.com/game/playstation-4/okami-hd,Capcom,88
http://www.metacritic.com/feature/best-video-games-of-2017,8,Nex Machina: Death Machine,http://www.metacritic.com/game/playstation-4/nex-machina-death-machine,Sony,88
http://www.metacritic.com/feature/best-video-games-of-2017,9,Nioh,http://www.metacritic.com/game/playstation-4/nioh,Sony,88
http://www.metacritic.com/feature/best-video-games-of-2017,10,Injustice 2,http://www.metacritic.com/game/playstation-4/injustice-2,Warner Bros. Inter.,87
http://www.metacritic.com/feature/best-video-games-of-2017,11,Night in the Woods,http://www.metacritic.com/game/playstation-4/night-in-the-woods,Infinite Fall,87
http://www.metacritic.com/feature/best-video-games-of-2017,12,Wolfenstein II: The New Colossus,http://www.metacritic.com/game/playstation-4/wolfenstein-ii-the-new-colossus,Bethesda Softworks,87
http://www.metacritic.com/feature/best-video-games-of-2017,13,Zero Escape: The Nonary Games,http://www.metacritic.com/game/playstation-4/zero-escape-the-nonary-games,Aksys Games,87
http://www.metacritic.com/feature/best-video-games-of-2017,14,F1 2017,http://www.metacritic.com/game/playstation-4/f1-2017,Deep Silver,86
http://www.metacritic.com/feature/best-video-games-of-2017,15,Thimbleweed Park,http://www.metacritic.com/game/playstation-4/thimbleweed-park,Terrible Toybox,86
http://www.metacritic.com/feature/best-video-games-of-2017,16,Final Fantasy XII: The Zodiac Age,http://www.metacritic.com/game/playstation-4/final-fantasy-xii-the-zodiac-age,Square Enix,86
http://www.metacritic.com/feature/best-video-games-of-2017,17,Sonic Mania,http://www.metacritic.com/game/playstation-4/sonic-mania,Sega,86
http://www.metacritic.com/feature/best-video-games-of-2017,18,Resident Evil 7: biohazard,http://www.metacritic.com/game/playstation-4/resident-evil-7-biohazard,Capcom,86
http://www.metacritic.com/feature/best-video-games-of-2017,19,Guilty Gear Xrd: Rev 2,http://www.metacritic.com/game/playstation-4/guilty-gear-xrd-rev-2,Aksys Games,86
http://www.metacritic.com/feature/best-video-games-of-2017,20,Pillars of Eternity: Complete Edition,http://www.metacritic.com/game/playstation-4/pillars-of-eternity-complete-edition,Paradox Inter.,85
http://www.metacritic.com/feature/best-video-games-of-2017,21,Destiny 2,http://www.metacritic.com/game/playstation-4/destiny-2,Activision,85
http://www.metacritic.com/feature/best-video-games-of-2017,22,Nioh: Bloodshed's End,http://www.metacritic.com/game/playstation-4/nioh-bloodsheds-end,Sony,85
http://www.metacritic.com/feature/best-video-games-of-2017,23,Final Fantasy IX,http://www.metacritic.com/game/playstation-4/final-fantasy-ix,Square Enix,85
http://www.metacritic.com/feature/best-video-games-of-2017,24,Ys VIII: Lacrimosa of DANA,http://www.metacritic.com/game/playstation-4/ys-viii-lacrimosa-of-dana,NIS America,85
http://www.metacritic.com/feature/best-video-games-of-2017,25,Yakuza 0,http://www.metacritic.com/game/playstation-4/yakuza-0,Sega,85
http://www.metacritic.com/feature/best-video-games-of-2017,26,MLB The Show 17,http://www.metacritic.com/game/playstation-4/mlb-the-show-17,Sony,85
http://www.metacritic.com/feature/best-video-games-of-2017,27,Wipeout: Omega Collection,http://www.metacritic.com/game/playstation-4/wipeout-omega-collection,Sony,85
http://www.metacritic.com/feature/best-video-games-of-2017,28,Shadow Tactics: Blades of the Shogun,http://www.metacritic.com/game/playstation-4/shadow-tactics-blades-of-the-shogun,Daedalic Ent.,85
http://www.metacritic.com/feature/best-video-games-of-2017,29,Pyre,http://www.metacritic.com/game/playstation-4/pyre,Supergiant Games,85
http://www.metacritic.com/feature/best-video-games-of-2017,30,Statik,http://www.metacritic.com/game/playstation-4/statik,Tarsier Studios,84
http://www.metacritic.com/feature/best-video-games-of-2017,31,Kingdom Hearts HD I.5 + II.5 Remix,http://www.metacritic.com/game/playstation-4/kingdom-hearts-hd-i5-+-ii5-remix,Square Enix,84
http://www.metacritic.com/feature/best-video-games-of-2017,32,DiRT 4,http://www.metacritic.com/game/playstation-4/dirt-4,Deep Silver,84
http://www.metacritic.com/feature/best-video-games-of-2017,33,Detention,http://www.metacritic.com/game/playstation-4/detention,Red Candle Game,84
http://www.metacritic.com/feature/best-video-games-of-2017,34,Polybius,http://www.metacritic.com/game/playstation-4/polybius,Llamasoft,84
http://www.metacritic.com/feature/best-video-games-of-2017,35,Uncharted: The Lost Legacy,http://www.metacritic.com/game/playstation-4/uncharted-the-lost-legacy,Sony,84
http://www.metacritic.com/feature/best-video-games-of-2017,36,Hatsune Miku: Project Diva Future Tone - Colorful Tone,http://www.metacritic.com/game/playstation-4/hatsune-miku-project-diva-future-tone---colorful-tone,Sega,84
http://www.metacritic.com/feature/best-video-games-of-2017,37,Hatsune Miku: Project Diva Future Tone - Future Sound,http://www.metacritic.com/game/playstation-4/hatsune-miku-project-diva-future-tone---future-sound,Sega,84
http://www.metacritic.com/feature/best-video-games-of-2017,38,FIFA 18,http://www.metacritic.com/game/playstation-4/fifa-18,Electronic Arts,84
http://www.metacritic.com/feature/best-video-games-of-2017,39,Pro Evolution Soccer 2018,http://www.metacritic.com/game/playstation-4/pro-evolution-soccer-2018,Konami,83
http://www.metacritic.com/feature/best-video-games-of-2017,40,Puyo Puyo Tetris,http://www.metacritic.com/game/playstation-4/puyo-puyo-tetris,Sega,83
http://www.metacritic.com/feature/best-video-games-of-2017,41,Horizon Zero Dawn: The Frozen Wilds,http://www.metacritic.com/game/playstation-4/horizon-zero-dawn-the-frozen-wilds,Sony,83
http://www.metacritic.com/feature/best-video-games-of-2017,42,Danganronpa 1-2 Reload,http://www.metacritic.com/game/playstation-4/danganronpa-1-2-reload,NIS America,83
http://www.metacritic.com/feature/best-video-games-of-2017,43,SUPERHOT,http://www.metacritic.com/game/playstation-4/superhot,SUPERHOT,83
http://www.metacritic.com/feature/best-video-games-of-2017,44,Hand of Fate 2,http://www.metacritic.com/game/playstation-4/hand-of-fate-2,Defiant Development,82
http://www.metacritic.com/feature/best-video-games-of-2017,45,Project CARS 2,http://www.metacritic.com/game/playstation-4/project-cars-2,Bandai Namco,82
http://www.metacritic.com/feature/best-video-games-of-2017,46,Madden NFL 18,http://www.metacritic.com/game/playstation-4/madden-nfl-18,Electronic Arts,82
http://www.metacritic.com/feature/best-video-games-of-2017,47,Dark Souls III: The Ringed City,http://www.metacritic.com/game/playstation-4/dark-souls-iii-the-ringed-city,Bandai Namco,82
http://www.metacritic.com/feature/best-video-games-of-2017,48,Dishonored: Death of the Outsider,http://www.metacritic.com/game/playstation-4/dishonored-death-of-the-outsider,Bethesda Softworks,82
http://www.metacritic.com/feature/best-video-games-of-2017,49,Tekken 7,http://www.metacritic.com/game/playstation-4/tekken-7,Bandai Namco,82
http://www.metacritic.com/feature/best-video-games-of-2017,50,Danganronpa V3: Killing Harmony,http://www.metacritic.com/game/playstation-4/danganronpa-v3-killing-harmony,NIS America,81
