﻿"url","Key","Value"
"https://en.wikipedia.org/wiki/The_Tipping_Point","Author","Malcolm Gladwell"
"https://en.wikipedia.org/wiki/The_Tipping_Point","Country","United States"
"https://en.wikipedia.org/wiki/The_Tipping_Point","Language","English"
"https://en.wikipedia.org/wiki/The_Tipping_Point","Subject","Psychology, sociology"
"https://en.wikipedia.org/wiki/The_Tipping_Point","Genre","Non-fiction"
"https://en.wikipedia.org/wiki/The_Tipping_Point","Publisher","Little Brown"
"https://en.wikipedia.org/wiki/The_Tipping_Point","Publication date","2000"
"https://en.wikipedia.org/wiki/The_Tipping_Point","Media type","Print (paperback)"
"https://en.wikipedia.org/wiki/The_Tipping_Point","Pages","304"
"https://en.wikipedia.org/wiki/The_Tipping_Point","ISBN","0-316-34662-4
 ISBN 0-316-31696-2 (first edition)"
"https://en.wikipedia.org/wiki/The_Tipping_Point","OCLC","55586972"
"https://en.wikipedia.org/wiki/The_Tipping_Point","Dewey Decimal","302 22"
"https://en.wikipedia.org/wiki/The_Tipping_Point","LC Class","HM1033 .G53 2002"
"https://en.wikipedia.org/wiki/The_Tipping_Point","Followed by","Blink"
