83rd_Academy_Awards
Key,Value
date,"february 27, 2011"
site,"kodak theatre  hollywood , los angeles , california, u.s."
hosted by,james franco  anne hathaway [1]
preshow hosts,tim gunn  maria menounos  robin roberts krista smith [2]
produced by,bruce cohen  don mischer [3]
directed by,don mischer [3]
best picture,the king's speech
most awards,inception and the king's speech (4)
most nominations,the king's speech (12)
network,abc
duration,"3 hours, 16 minutes [4]"
ratings,37.9 million 21.2% ( nielsen ratings ) [5]
