The_Best_Laptops_of_2018
Feature,1,2,3,4,5,6,7,8,9,10
product,acer swift 1,dell xps 13 (9360),hp spectre x360 13 (2017),acer aspire e 15 (e5-575-33bm),apple macbook pro 13-inch (2017),lenovo thinkpad x1 carbon (2018),lenovo ideapad miix 520,origin pc evo15-s,microsoft surface book 2,"razer blade stealth (13.3"" qhd+, early 2018)"
lowest price,best price,$799.99,"$1,199.99",$349.99,"$1,099.99","$1,519.00",$999.99,"$1,615.00","$1,499.00","$1,499.99"
editors' rating,,,,,,,,,,
processor name,intel pentium n4200,intel core i7-8550u,intel core i7-7500u,intel core i3-7100u,intel core i5,intel core i5-8250u,intel core i5-8250u,intel core i7-7700hq,intel core i7-8650u,intel core i7-8550u
ram,4 gb,8 gb,16 gb,4 gb,8 gb,8 gb,8 gb,16 mb,16 gb,16 gb
weight,2.87 lb,2.7 lb,2.83 lb,5.12 lb,3.02 lb,2.49 lb,2.65 (with keyboard) lbs,4.3 lb,4.2 lb,2.98 lb
graphics card,intel hd graphics 505,amd mobility radeon 5850,intel hd graphics 620,intel hd graphics 620,intel iris plus graphics 640,intel uhd graphics 620,intel hd graphics 620,nvidia geforce gtx 1070 (max-q),nvidia geforce gtx 1060,intel uhd graphics 620
screen size,13.3 inches,13.3 inches,13.3 inches,15.6 inches,13.3 inches,14 inches,12.2 inches,15.6 inches,15 inches,13.3 inches
storage type,flash storage,ssd,ssd,hdd,ssd,ssd,ssd,"hdd, ssd",ssd,ssd
touch screen,no,no,no,no,no,no,yes,no,yes,yes
battery rundown,12:48,15:56,8:18,9:49,16:26,16:26,7:32 hrs:min,4:27 hrs:min,17:12,8:36
resolution,1920 x 1080,1920 x 1080,3840 x 2160,no,2560 x 1600,1920 x 1280,1920 x 1080,1920 x 1080,3240 x 2160,3200 x 1800
storage capacity (as tested),64 gb,256 gb,512 gb,1 tb,128 gb,512 gb,256 gb,2.5 tb,1 tb,256 gb
