Table_1
url,Baggage_Type,Size,Weight,Fee,More_Information
https://www.unibaggage.com/shipping/airlines/aer-lingus-baggage-allowance/,Cabin Baggage,55 x 40 x 24cm,10kg,N/A,Airport fees apply if oversized or overweight
https://www.unibaggage.com/shipping/airlines/aer-lingus-baggage-allowance/,Checked Baggage,158cm,23kg,€20 - €85 depending on route and booking,€10 per extra bag
https://www.unibaggage.com/shipping/airlines/aer-lingus-baggage-allowance/,Excess Baggage,158cm,32kg,€10 per kg - varies depending on route,N/A
