Black_Panther
url,key,value,value_link
http://marvelcinematicuniverse.wikia.com/wiki/Black_Panther_(film),Director(s),Ryan Coogler,http://marvelcinematicuniverse.wikia.com/wiki/Ryan_Coogler
http://marvelcinematicuniverse.wikia.com/wiki/Black_Panther_(film),Writer(s),Joe Robert Cole; Ryan Coogler; Donald Glover; Stephen Glover,http://marvelcinematicuniverse.wikia.com/wiki/Joe_Robert_Cole; http://marvelcinematicuniverse.wikia.com/wiki/Ryan_Coogler; http://marvelcinematicuniverse.wikia.com/wiki/Donald_Glover; http://marvelcinematicuniverse.wikia.com/wiki/Stephen_Glover
http://marvelcinematicuniverse.wikia.com/wiki/Black_Panther_(film),Producer(s),Kevin Feige; Victoria Alonso; Nate Moore; Jeffrey Chernov; Stan Lee,http://marvelcinematicuniverse.wikia.com/wiki/Kevin_Feige; http://marvelcinematicuniverse.wikia.com/wiki/Victoria_Alonso; http://marvelcinematicuniverse.wikia.com/wiki/Nate_Moore; http://marvelcinematicuniverse.wikia.com/wiki/Jeffrey_Chernov; http://marvelcinematicuniverse.wikia.com/wiki/Stan_Lee
http://marvelcinematicuniverse.wikia.com/wiki/Black_Panther_(film),Composer,Ludwig Göransson,http://marvelcinematicuniverse.wikia.com/wiki/Ludwig_G%C3%B6ransson
http://marvelcinematicuniverse.wikia.com/wiki/Black_Panther_(film),Release Date,"February 16, 2018",
http://marvelcinematicuniverse.wikia.com/wiki/Black_Panther_(film),Running Time,134 minutes,
http://marvelcinematicuniverse.wikia.com/wiki/Black_Panther_(film),Box Office,$1.345 billion,
