Table_1
url,Product_Number,Product_Number_link,Title,Revision_Date,Posted_Date
https://apps.irs.gov/app/picklist/list/formsPublications.html?indexOfFirstRow=0&sortColumn=sortOrder&value=&criteria=&resultsPerPage=200&isDescending=false,Product Number; Title; Revision Date; Posted Date,https://apps.irs.gov/app/picklist/list/formsPublications.html?sortColumn=sortOrder&indexOfFirstRow=0&value=&criteria=&resultsPerPage=200&isDescending=true; https://apps.irs.gov/app/picklist/list/formsPublications.html?sortColumn=title&indexOfFirstRow=0&value=&criteria=&resultsPerPage=200&isDescending=false; https://apps.irs.gov/app/picklist/list/formsPublications.html?sortColumn=currentYearRevDate&indexOfFirstRow=0&value=&criteria=&resultsPerPage=200&isDescending=false; https://apps.irs.gov/app/picklist/list/formsPublications.html?sortColumn=postedDate&indexOfFirstRow=0&value=&criteria=&resultsPerPage=200&isDescending=true,,,
https://apps.irs.gov/app/picklist/list/formsPublications.html?indexOfFirstRow=0&sortColumn=sortOrder&value=&criteria=&resultsPerPage=200&isDescending=false,Publ 1,https://www.irs.gov/pub/irs-pdf/p1.pdf,Your Rights As A Taxpayer,0917,10/31/2017
https://apps.irs.gov/app/picklist/list/formsPublications.html?indexOfFirstRow=0&sortColumn=sortOrder&value=&criteria=&resultsPerPage=200&isDescending=false,Publ 1 (SP),https://www.irs.gov/pub/irs-pdf/p1sp.pdf,Derechos del Contribuyente,1017,11/08/2017
https://apps.irs.gov/app/picklist/list/formsPublications.html?indexOfFirstRow=0&sortColumn=sortOrder&value=&criteria=&resultsPerPage=200&isDescending=false,Publ 3,https://www.irs.gov/pub/irs-pdf/p3.pdf,Armed Forces' Tax Guide,2017,02/21/2018
https://apps.irs.gov/app/picklist/list/formsPublications.html?indexOfFirstRow=0&sortColumn=sortOrder&value=&criteria=&resultsPerPage=200&isDescending=false,Publ 5,https://www.irs.gov/pub/irs-pdf/p5.pdf,Your Appeal Rights and How to Prepare a Protest if you Don't Agree,0199,07/17/2012
https://apps.irs.gov/app/picklist/list/formsPublications.html?indexOfFirstRow=0&sortColumn=sortOrder&value=&criteria=&resultsPerPage=200&isDescending=false,Publ 5 (SP),https://www.irs.gov/pub/irs-pdf/p5sp.pdf,Your Appeal Rights and How to Prepare a Protest if you Don't Agree (Spanish version),0605,03/06/2018
https://apps.irs.gov/app/picklist/list/formsPublications.html?indexOfFirstRow=0&sortColumn=sortOrder&value=&criteria=&resultsPerPage=200&isDescending=false,Form 11-C,https://www.irs.gov/pub/irs-pdf/f11c.pdf,Occupational Tax and Registration Return for Wagering,1217,12/21/2017
https://apps.irs.gov/app/picklist/list/formsPublications.html?indexOfFirstRow=0&sortColumn=sortOrder&value=&criteria=&resultsPerPage=200&isDescending=false,Publ 15,https://www.irs.gov/pub/irs-pdf/p15.pdf,"Circular E, Employer's Tax Guide",2018,01/29/2018
https://apps.irs.gov/app/picklist/list/formsPublications.html?indexOfFirstRow=0&sortColumn=sortOrder&value=&criteria=&resultsPerPage=200&isDescending=false,Publ 15,https://www.irs.gov/pub/irs-pdf/p15_17.pdf,"Circular E, Employer's Tax Guide",2017,01/30/2018
https://apps.irs.gov/app/picklist/list/formsPublications.html?indexOfFirstRow=0&sortColumn=sortOrder&value=&criteria=&resultsPerPage=200&isDescending=false,Publ 15-A,https://www.irs.gov/pub/irs-pdf/p15a.pdf,"Employer's Supplemental Tax Guide (Supplement to Circular E, Employer's Tax Guide, Publication 15)",2018,02/27/2018
https://apps.irs.gov/app/picklist/list/formsPublications.html?indexOfFirstRow=0&sortColumn=sortOrder&value=&criteria=&resultsPerPage=200&isDescending=false,Publ 15-B,https://www.irs.gov/pub/irs-pdf/p15b.pdf,Employer's Tax Guide to Fringe Benefits,2018,03/05/2018
https://apps.irs.gov/app/picklist/list/formsPublications.html?indexOfFirstRow=0&sortColumn=sortOrder&value=&criteria=&resultsPerPage=200&isDescending=false,Publ 17,https://www.irs.gov/pub/irs-pdf/p17.pdf,Your Federal Income Tax (For Individuals),2017,12/14/2017
https://apps.irs.gov/app/picklist/list/formsPublications.html?indexOfFirstRow=0&sortColumn=sortOrder&value=&criteria=&resultsPerPage=200&isDescending=false,Publ 17 (SP),https://www.irs.gov/pub/irs-pdf/p17sp.pdf,Your Federal Income Tax (Spanish version),2017,01/12/2018
https://apps.irs.gov/app/picklist/list/formsPublications.html?indexOfFirstRow=0&sortColumn=sortOrder&value=&criteria=&resultsPerPage=200&isDescending=false,Form 23,https://www.irs.gov/pub/irs-pdf/f23.pdf,Application for Enrollment to Practice Before the Internal Revenue Service,0417,04/20/2017
https://apps.irs.gov/app/picklist/list/formsPublications.html?indexOfFirstRow=0&sortColumn=sortOrder&value=&criteria=&resultsPerPage=200&isDescending=false,Publ 51,https://www.irs.gov/pub/irs-pdf/p51.pdf,"Circular A, Agricultural Employer's Tax Guide",2018,02/01/2018
https://apps.irs.gov/app/picklist/list/formsPublications.html?indexOfFirstRow=0&sortColumn=sortOrder&value=&criteria=&resultsPerPage=200&isDescending=false,Publ 51,https://www.irs.gov/pub/irs-pdf/p51_16.pdf,"Circular A, Agricultural Employer's Tax Guide",2016,12/31/2016
https://apps.irs.gov/app/picklist/list/formsPublications.html?indexOfFirstRow=0&sortColumn=sortOrder&value=&criteria=&resultsPerPage=200&isDescending=false,Publ 54,https://www.irs.gov/pub/irs-pdf/p54.pdf,Tax Guide for U.S. Citizens and Resident Aliens Abroad,2017,12/12/2017
https://apps.irs.gov/app/picklist/list/formsPublications.html?indexOfFirstRow=0&sortColumn=sortOrder&value=&criteria=&resultsPerPage=200&isDescending=false,Publ 55-B,https://www.irs.gov/pub/irs-pdf/p55b.pdf,Internal Revenue Service Data Book,0315,12/15/2015
https://apps.irs.gov/app/picklist/list/formsPublications.html?indexOfFirstRow=0&sortColumn=sortOrder&value=&criteria=&resultsPerPage=200&isDescending=false,Form 56,https://www.irs.gov/pub/irs-pdf/f56.pdf,Notice Concerning Fiduciary Relationship,1117,10/31/2017
https://apps.irs.gov/app/picklist/list/formsPublications.html?indexOfFirstRow=0&sortColumn=sortOrder&value=&criteria=&resultsPerPage=200&isDescending=false,Inst 56,https://www.irs.gov/pub/irs-pdf/i56.pdf,"Instructions for Form 56, Notice Concerning Fiduciary Relationship",1117,10/26/2017
https://apps.irs.gov/app/picklist/list/formsPublications.html?indexOfFirstRow=0&sortColumn=sortOrder&value=&criteria=&resultsPerPage=200&isDescending=false,Form 56-F,https://www.irs.gov/pub/irs-pdf/f56f.pdf,Notice Concerning Fiduciary Relationship of Financial Institution,1209,07/17/2012
https://apps.irs.gov/app/picklist/list/formsPublications.html?indexOfFirstRow=0&sortColumn=sortOrder&value=&criteria=&resultsPerPage=200&isDescending=false,Publ 80,https://www.irs.gov/pub/irs-pdf/p80.pdf,"Circular SS - Federal Tax Guide for Employers in the U.S. Virgin Islands, Guam, American Samoa, and the Commonwealth of the Northern Mariana Islands",2018,02/02/2018
https://apps.irs.gov/app/picklist/list/formsPublications.html?indexOfFirstRow=0&sortColumn=sortOrder&value=&criteria=&resultsPerPage=200&isDescending=false,Publ 179,https://www.irs.gov/pub/irs-pdf/p179.pdf,Circular PR - Guia Contributiva Federal Para Patronos Puertorriquenos,2018,03/13/2018
https://apps.irs.gov/app/picklist/list/formsPublications.html?indexOfFirstRow=0&sortColumn=sortOrder&value=&criteria=&resultsPerPage=200&isDescending=false,Form 211,https://www.irs.gov/pub/irs-pdf/f211.pdf,Application for Reward for Original Information,0314,04/02/2014
https://apps.irs.gov/app/picklist/list/formsPublications.html?indexOfFirstRow=0&sortColumn=sortOrder&value=&criteria=&resultsPerPage=200&isDescending=false,Form 211-A,https://www.irs.gov/pub/irs-pdf/f211a.pdf,State or Local Law Enforcement,0389,07/17/2012
https://apps.irs.gov/app/picklist/list/formsPublications.html?indexOfFirstRow=0&sortColumn=sortOrder&value=&criteria=&resultsPerPage=200&isDescending=false,Publ 216,https://www.irs.gov/pub/irs-pdf/p216.pdf,Conferences and Practice Requirements,0392,07/17/2012
https://apps.irs.gov/app/picklist/list/formsPublications.html?indexOfFirstRow=0&sortColumn=sortOrder&value=&criteria=&resultsPerPage=200&isDescending=false,Publ 225,https://www.irs.gov/pub/irs-pdf/p225.pdf,Farmer's Tax Guide,2017,10/20/2017
https://apps.irs.gov/app/picklist/list/formsPublications.html?indexOfFirstRow=0&sortColumn=sortOrder&value=&criteria=&resultsPerPage=200&isDescending=false,Publ 334,https://www.irs.gov/pub/irs-pdf/p334.pdf,Tax Guide for Small Business (For Individuals Who Use Schedule C or C-EZ),2017,02/01/2018
https://apps.irs.gov/app/picklist/list/formsPublications.html?indexOfFirstRow=0&sortColumn=sortOrder&value=&criteria=&resultsPerPage=200&isDescending=false,Form 433-A,https://www.irs.gov/pub/irs-pdf/f433a.pdf,Collection Information Statement for Wage Earners and Self-Employed Individuals,1212,03/29/2013
https://apps.irs.gov/app/picklist/list/formsPublications.html?indexOfFirstRow=0&sortColumn=sortOrder&value=&criteria=&resultsPerPage=200&isDescending=false,Form 433-A (OIC),https://www.irs.gov/pub/irs-pdf/f433aoi.pdf,Collection Information Statement for Wage Earners and Self-Employed Individuals,0318,03/25/2018
https://apps.irs.gov/app/picklist/list/formsPublications.html?indexOfFirstRow=0&sortColumn=sortOrder&value=&criteria=&resultsPerPage=200&isDescending=false,Form 433-A (SP),https://www.irs.gov/pub/irs-pdf/f433asp.pdf,Informacion de Cobro Para los Asalariados y los Individuos Autonomos,0313,04/23/2013
https://apps.irs.gov/app/picklist/list/formsPublications.html?indexOfFirstRow=0&sortColumn=sortOrder&value=&criteria=&resultsPerPage=200&isDescending=false,Form 433-B,https://www.irs.gov/pub/irs-pdf/f433b.pdf,Collection Information Statement for Businesses,1212,12/05/2012
https://apps.irs.gov/app/picklist/list/formsPublications.html?indexOfFirstRow=0&sortColumn=sortOrder&value=&criteria=&resultsPerPage=200&isDescending=false,Form 433-B (OIC),https://www.irs.gov/pub/irs-pdf/f433boi.pdf,Collection Information Statement for Businesses,0318,03/25/2018
https://apps.irs.gov/app/picklist/list/formsPublications.html?indexOfFirstRow=0&sortColumn=sortOrder&value=&criteria=&resultsPerPage=200&isDescending=false,Form 433-B (SP),https://www.irs.gov/pub/irs-pdf/f433bsp.pdf,Informacion de Cobro Para los Negocios,0513,05/10/2013
https://apps.irs.gov/app/picklist/list/formsPublications.html?indexOfFirstRow=0&sortColumn=sortOrder&value=&criteria=&resultsPerPage=200&isDescending=false,Form 433-D,https://www.irs.gov/pub/irs-pdf/f433d.pdf,Installment Agreement,0117,12/31/2016
https://apps.irs.gov/app/picklist/list/formsPublications.html?indexOfFirstRow=0&sortColumn=sortOrder&value=&criteria=&resultsPerPage=200&isDescending=false,Form 433-D (SP),https://www.irs.gov/pub/irs-pdf/f433dsp.pdf,Installment Agreement (Spanish version),0117,12/31/2016
https://apps.irs.gov/app/picklist/list/formsPublications.html?indexOfFirstRow=0&sortColumn=sortOrder&value=&criteria=&resultsPerPage=200&isDescending=false,Form 433-F,https://www.irs.gov/pub/irs-pdf/f433f.pdf,Collection Information Statement,0117,01/04/2017
https://apps.irs.gov/app/picklist/list/formsPublications.html?indexOfFirstRow=0&sortColumn=sortOrder&value=&criteria=&resultsPerPage=200&isDescending=false,Form 433-F (SP),https://www.irs.gov/pub/irs-pdf/f433fsp.pdf,Collection Information Statement (Spanish version),0313,12/13/2013
https://apps.irs.gov/app/picklist/list/formsPublications.html?indexOfFirstRow=0&sortColumn=sortOrder&value=&criteria=&resultsPerPage=200&isDescending=false,Publ 463,https://www.irs.gov/pub/irs-pdf/p463.pdf,"Travel, Entertainment, Gift, and Car Expenses",2017,01/22/2018
https://apps.irs.gov/app/picklist/list/formsPublications.html?indexOfFirstRow=0&sortColumn=sortOrder&value=&criteria=&resultsPerPage=200&isDescending=false,Publ 487,https://www.irs.gov/pub/irs-pdf/p487.pdf,How to Prepare Application to Release Property Secured by Federal Tax Lien,0106,07/17/2012
https://apps.irs.gov/app/picklist/list/formsPublications.html?indexOfFirstRow=0&sortColumn=sortOrder&value=&criteria=&resultsPerPage=200&isDescending=false,Publ 501,https://www.irs.gov/pub/irs-pdf/p501.pdf,"Exemptions, Standard Deduction, and Filing Information",2017,01/10/2018
https://apps.irs.gov/app/picklist/list/formsPublications.html?indexOfFirstRow=0&sortColumn=sortOrder&value=&criteria=&resultsPerPage=200&isDescending=false,Publ 502,https://www.irs.gov/pub/irs-pdf/p502.pdf,Medical and Dental Expenses,2017,12/05/2017
https://apps.irs.gov/app/picklist/list/formsPublications.html?indexOfFirstRow=0&sortColumn=sortOrder&value=&criteria=&resultsPerPage=200&isDescending=false,Publ 503,https://www.irs.gov/pub/irs-pdf/p503.pdf,Child and Dependent Care Expenses,2017,01/02/2018
https://apps.irs.gov/app/picklist/list/formsPublications.html?indexOfFirstRow=0&sortColumn=sortOrder&value=&criteria=&resultsPerPage=200&isDescending=false,Publ 504,https://www.irs.gov/pub/irs-pdf/p504.pdf,Divorced or Separated Individuals,2017,12/22/2017
https://apps.irs.gov/app/picklist/list/formsPublications.html?indexOfFirstRow=0&sortColumn=sortOrder&value=&criteria=&resultsPerPage=200&isDescending=false,Publ 505,https://www.irs.gov/pub/irs-pdf/p505.pdf,Tax Withholding and Estimated Tax,2018,04/01/2018
https://apps.irs.gov/app/picklist/list/formsPublications.html?indexOfFirstRow=0&sortColumn=sortOrder&value=&criteria=&resultsPerPage=200&isDescending=false,Publ 509,https://www.irs.gov/pub/irs-pdf/p509.pdf,Tax Calendars,2018,12/07/2017
https://apps.irs.gov/app/picklist/list/formsPublications.html?indexOfFirstRow=0&sortColumn=sortOrder&value=&criteria=&resultsPerPage=200&isDescending=false,Publ 510,https://www.irs.gov/pub/irs-pdf/p510.pdf,Excise Taxes,0318,03/14/2018
https://apps.irs.gov/app/picklist/list/formsPublications.html?indexOfFirstRow=0&sortColumn=sortOrder&value=&criteria=&resultsPerPage=200&isDescending=false,Publ 514,https://www.irs.gov/pub/irs-pdf/p514.pdf,Foreign Tax Credit for Individuals,2017,03/13/2018
https://apps.irs.gov/app/picklist/list/formsPublications.html?indexOfFirstRow=0&sortColumn=sortOrder&value=&criteria=&resultsPerPage=200&isDescending=false,Publ 515,https://www.irs.gov/pub/irs-pdf/p515.pdf,Withholding of Tax on Nonresident Aliens and Foreign Entities,2018,02/14/2018
https://apps.irs.gov/app/picklist/list/formsPublications.html?indexOfFirstRow=0&sortColumn=sortOrder&value=&criteria=&resultsPerPage=200&isDescending=false,Publ 516,https://www.irs.gov/pub/irs-pdf/p516.pdf,U.S. Government Civilian Employees Stationed Abroad,0915,09/01/2015
https://apps.irs.gov/app/picklist/list/formsPublications.html?indexOfFirstRow=0&sortColumn=sortOrder&value=&criteria=&resultsPerPage=200&isDescending=false,Publ 517,https://www.irs.gov/pub/irs-pdf/p517.pdf,Social Security and Other Information for Members of the Clergy and Religious Workers,2017,01/10/2018
https://apps.irs.gov/app/picklist/list/formsPublications.html?indexOfFirstRow=0&sortColumn=sortOrder&value=&criteria=&resultsPerPage=200&isDescending=false,Publ 519,https://www.irs.gov/pub/irs-pdf/p519.pdf,U.S. Tax Guide for Aliens,2017,02/28/2018
https://apps.irs.gov/app/picklist/list/formsPublications.html?indexOfFirstRow=0&sortColumn=sortOrder&value=&criteria=&resultsPerPage=200&isDescending=false,Publ 521,https://www.irs.gov/pub/irs-pdf/p521.pdf,Moving Expenses,2017,01/04/2018
https://apps.irs.gov/app/picklist/list/formsPublications.html?indexOfFirstRow=0&sortColumn=sortOrder&value=&criteria=&resultsPerPage=200&isDescending=false,Publ 523,https://www.irs.gov/pub/irs-pdf/p523.pdf,Selling Your Home,2017,02/07/2018
https://apps.irs.gov/app/picklist/list/formsPublications.html?indexOfFirstRow=0&sortColumn=sortOrder&value=&criteria=&resultsPerPage=200&isDescending=false,Publ 524,https://www.irs.gov/pub/irs-pdf/p524.pdf,Credit for the Elderly or the Disabled,2017,11/30/2017
https://apps.irs.gov/app/picklist/list/formsPublications.html?indexOfFirstRow=0&sortColumn=sortOrder&value=&criteria=&resultsPerPage=200&isDescending=false,Publ 525,https://www.irs.gov/pub/irs-pdf/p525.pdf,Taxable and Nontaxable Income,2017,01/16/2018
https://apps.irs.gov/app/picklist/list/formsPublications.html?indexOfFirstRow=0&sortColumn=sortOrder&value=&criteria=&resultsPerPage=200&isDescending=false,Publ 526,https://www.irs.gov/pub/irs-pdf/p526.pdf,Charitable Contributions,2017,03/15/2018
https://apps.irs.gov/app/picklist/list/formsPublications.html?indexOfFirstRow=0&sortColumn=sortOrder&value=&criteria=&resultsPerPage=200&isDescending=false,Publ 527,https://www.irs.gov/pub/irs-pdf/p527.pdf,Residential Rental Property (Including Rental of Vacation Homes),2017,02/26/2018
https://apps.irs.gov/app/picklist/list/formsPublications.html?indexOfFirstRow=0&sortColumn=sortOrder&value=&criteria=&resultsPerPage=200&isDescending=false,Publ 529,https://www.irs.gov/pub/irs-pdf/p529.pdf,Miscellaneous Deductions,2017,01/28/2018
https://apps.irs.gov/app/picklist/list/formsPublications.html?indexOfFirstRow=0&sortColumn=sortOrder&value=&criteria=&resultsPerPage=200&isDescending=false,Publ 530,https://www.irs.gov/pub/irs-pdf/p530.pdf,Tax Information for Homeowners,2017,01/12/2018
https://apps.irs.gov/app/picklist/list/formsPublications.html?indexOfFirstRow=0&sortColumn=sortOrder&value=&criteria=&resultsPerPage=200&isDescending=false,Publ 531,https://www.irs.gov/pub/irs-pdf/p531.pdf,Reporting Tip Income,2017,12/28/2017
https://apps.irs.gov/app/picklist/list/formsPublications.html?indexOfFirstRow=0&sortColumn=sortOrder&value=&criteria=&resultsPerPage=200&isDescending=false,Publ 534,https://www.irs.gov/pub/irs-pdf/p534.pdf,Depreciating Property Placed In Service Before 1987,1116,11/07/2016
https://apps.irs.gov/app/picklist/list/formsPublications.html?indexOfFirstRow=0&sortColumn=sortOrder&value=&criteria=&resultsPerPage=200&isDescending=false,Publ 535,https://www.irs.gov/pub/irs-pdf/p535.pdf,Business Expenses,2017,03/16/2018
https://apps.irs.gov/app/picklist/list/formsPublications.html?indexOfFirstRow=0&sortColumn=sortOrder&value=&criteria=&resultsPerPage=200&isDescending=false,Publ 536,https://www.irs.gov/pub/irs-pdf/p536.pdf,"Net Operating Losses (NOLs) for Individuals, Estates, and Trusts",2017,03/07/2018
https://apps.irs.gov/app/picklist/list/formsPublications.html?indexOfFirstRow=0&sortColumn=sortOrder&value=&criteria=&resultsPerPage=200&isDescending=false,Publ 537,https://www.irs.gov/pub/irs-pdf/p537.pdf,Installment Sales,2017,12/22/2017
https://apps.irs.gov/app/picklist/list/formsPublications.html?indexOfFirstRow=0&sortColumn=sortOrder&value=&criteria=&resultsPerPage=200&isDescending=false,Publ 538,https://www.irs.gov/pub/irs-pdf/p538.pdf,Accounting Periods and Methods,1216,02/10/2017
https://apps.irs.gov/app/picklist/list/formsPublications.html?indexOfFirstRow=0&sortColumn=sortOrder&value=&criteria=&resultsPerPage=200&isDescending=false,Publ 541,https://www.irs.gov/pub/irs-pdf/p541.pdf,Partnerships,0116,01/12/2016
https://apps.irs.gov/app/picklist/list/formsPublications.html?indexOfFirstRow=0&sortColumn=sortOrder&value=&criteria=&resultsPerPage=200&isDescending=false,Publ 542,https://www.irs.gov/pub/irs-pdf/p542.pdf,Corporations,1216,01/19/2017
https://apps.irs.gov/app/picklist/list/formsPublications.html?indexOfFirstRow=0&sortColumn=sortOrder&value=&criteria=&resultsPerPage=200&isDescending=false,Publ 544,https://www.irs.gov/pub/irs-pdf/p544.pdf,Sales and other Dispositions of Assets,2017,03/13/2018
https://apps.irs.gov/app/picklist/list/formsPublications.html?indexOfFirstRow=0&sortColumn=sortOrder&value=&criteria=&resultsPerPage=200&isDescending=false,Publ 547,https://www.irs.gov/pub/irs-pdf/p547.pdf,"Casualties, Disasters, and Thefts",2017,03/05/2018
https://apps.irs.gov/app/picklist/list/formsPublications.html?indexOfFirstRow=0&sortColumn=sortOrder&value=&criteria=&resultsPerPage=200&isDescending=false,Publ 547 (SP),https://www.irs.gov/pub/irs-pdf/p547sp.pdf,"Casualties, Disasters, and Thefts (Spanish Version)",2017,04/11/2018
https://apps.irs.gov/app/picklist/list/formsPublications.html?indexOfFirstRow=0&sortColumn=sortOrder&value=&criteria=&resultsPerPage=200&isDescending=false,Publ 550,https://www.irs.gov/pub/irs-pdf/p550.pdf,Investment Income and Expenses,2017,04/10/2018
https://apps.irs.gov/app/picklist/list/formsPublications.html?indexOfFirstRow=0&sortColumn=sortOrder&value=&criteria=&resultsPerPage=200&isDescending=false,Publ 551,https://www.irs.gov/pub/irs-pdf/p551.pdf,Basis of Assets,1216,04/13/2017
https://apps.irs.gov/app/picklist/list/formsPublications.html?indexOfFirstRow=0&sortColumn=sortOrder&value=&criteria=&resultsPerPage=200&isDescending=false,Publ 554,https://www.irs.gov/pub/irs-pdf/p554.pdf,Tax Guide for Seniors,2017,01/24/2018
https://apps.irs.gov/app/picklist/list/formsPublications.html?indexOfFirstRow=0&sortColumn=sortOrder&value=&criteria=&resultsPerPage=200&isDescending=false,Publ 555,https://www.irs.gov/pub/irs-pdf/p555.pdf,Community Property,0216,03/03/2016
https://apps.irs.gov/app/picklist/list/formsPublications.html?indexOfFirstRow=0&sortColumn=sortOrder&value=&criteria=&resultsPerPage=200&isDescending=false,Publ 556,https://www.irs.gov/pub/irs-pdf/p556.pdf,"Examination of Returns, Appeal Rights, and Claims for Refund",0913,10/01/2013
https://apps.irs.gov/app/picklist/list/formsPublications.html?indexOfFirstRow=0&sortColumn=sortOrder&value=&criteria=&resultsPerPage=200&isDescending=false,Publ 557,https://www.irs.gov/pub/irs-pdf/p557.pdf,Tax-Exempt Status for Your Organization,0118,01/31/2018
https://apps.irs.gov/app/picklist/list/formsPublications.html?indexOfFirstRow=0&sortColumn=sortOrder&value=&criteria=&resultsPerPage=200&isDescending=false,Publ 559,https://www.irs.gov/pub/irs-pdf/p559.pdf,"Survivors, Executors and Administrators",2017,02/01/2018
https://apps.irs.gov/app/picklist/list/formsPublications.html?indexOfFirstRow=0&sortColumn=sortOrder&value=&criteria=&resultsPerPage=200&isDescending=false,Publ 560,https://www.irs.gov/pub/irs-pdf/p560.pdf,"Retirement Plans for Small Business (SEP, SIMPLE and Qualified Plans)",2017,03/15/2018
https://apps.irs.gov/app/picklist/list/formsPublications.html?indexOfFirstRow=0&sortColumn=sortOrder&value=&criteria=&resultsPerPage=200&isDescending=false,Publ 561,https://www.irs.gov/pub/irs-pdf/p561.pdf,Determining the Value of Donated Property,0407,07/17/2012
https://apps.irs.gov/app/picklist/list/formsPublications.html?indexOfFirstRow=0&sortColumn=sortOrder&value=&criteria=&resultsPerPage=200&isDescending=false,Publ 570,https://www.irs.gov/pub/irs-pdf/p570.pdf,Tax Guide for Individuals With Income from U.S. Possessions,2017,03/27/2018
https://apps.irs.gov/app/picklist/list/formsPublications.html?indexOfFirstRow=0&sortColumn=sortOrder&value=&criteria=&resultsPerPage=200&isDescending=false,Publ 571,https://www.irs.gov/pub/irs-pdf/p571.pdf,Tax-Sheltered Annuity Plans (403(b) Plans) For Employees of Public Schools and Certain Tax-Exempt Organizations,0118,01/18/2018
https://apps.irs.gov/app/picklist/list/formsPublications.html?indexOfFirstRow=0&sortColumn=sortOrder&value=&criteria=&resultsPerPage=200&isDescending=false,Publ 575,https://www.irs.gov/pub/irs-pdf/p575.pdf,Pension and Annuity Income,2017,03/05/2018
https://apps.irs.gov/app/picklist/list/formsPublications.html?indexOfFirstRow=0&sortColumn=sortOrder&value=&criteria=&resultsPerPage=200&isDescending=false,Publ 583,https://www.irs.gov/pub/irs-pdf/p583.pdf,Starting a Business and Keeping Records,0115,01/15/2015
https://apps.irs.gov/app/picklist/list/formsPublications.html?indexOfFirstRow=0&sortColumn=sortOrder&value=&criteria=&resultsPerPage=200&isDescending=false,Publ 584,https://www.irs.gov/pub/irs-pdf/p584.pdf,"Casualty, Disaster, and Theft Loss Workbook (Personal-Use Property)",1017,10/20/2017
https://apps.irs.gov/app/picklist/list/formsPublications.html?indexOfFirstRow=0&sortColumn=sortOrder&value=&criteria=&resultsPerPage=200&isDescending=false,Publ 584 (SP),https://www.irs.gov/pub/irs-pdf/p584sp.pdf,"Registro de Perdidas por Hechos Fortuitos (Imprevistos), Desastres y Robos (Propiedad de Uso Personal)",1117,11/08/2017
https://apps.irs.gov/app/picklist/list/formsPublications.html?indexOfFirstRow=0&sortColumn=sortOrder&value=&criteria=&resultsPerPage=200&isDescending=false,Publ 584-B,https://www.irs.gov/pub/irs-pdf/p584b.pdf,"Business Casualty, Disaster, and Theft Loss Workbook",1017,10/17/2017
https://apps.irs.gov/app/picklist/list/formsPublications.html?indexOfFirstRow=0&sortColumn=sortOrder&value=&criteria=&resultsPerPage=200&isDescending=false,Publ 587,https://www.irs.gov/pub/irs-pdf/p587.pdf,Business Use of Your Home (Including Use by Day-Care Providers),2017,02/27/2018
https://apps.irs.gov/app/picklist/list/formsPublications.html?indexOfFirstRow=0&sortColumn=sortOrder&value=&criteria=&resultsPerPage=200&isDescending=false,Publ 590-A,https://www.irs.gov/pub/irs-pdf/p590a.pdf,Contributions to Individual Retirement Arrangements (IRAs),2017,03/01/2018
https://apps.irs.gov/app/picklist/list/formsPublications.html?indexOfFirstRow=0&sortColumn=sortOrder&value=&criteria=&resultsPerPage=200&isDescending=false,Publ 590-B,https://www.irs.gov/pub/irs-pdf/p590b.pdf,Distributions from Individual Retirement Arrangements (IRAs),2017,02/06/2018
https://apps.irs.gov/app/picklist/list/formsPublications.html?indexOfFirstRow=0&sortColumn=sortOrder&value=&criteria=&resultsPerPage=200&isDescending=false,Publ 594,https://www.irs.gov/pub/irs-pdf/p594.pdf,The IRS Collection Process,0317,10/06/2017
https://apps.irs.gov/app/picklist/list/formsPublications.html?indexOfFirstRow=0&sortColumn=sortOrder&value=&criteria=&resultsPerPage=200&isDescending=false,Publ 594 (SP),https://www.irs.gov/pub/irs-pdf/p594sp.pdf,Comprendiendo el Proceso del Cobro,1215,12/17/2015
https://apps.irs.gov/app/picklist/list/formsPublications.html?indexOfFirstRow=0&sortColumn=sortOrder&value=&criteria=&resultsPerPage=200&isDescending=false,Publ 595,https://www.irs.gov/pub/irs-pdf/p595.pdf,Capital Construction Fund for Commercial Fishermen,0206,07/17/2012
https://apps.irs.gov/app/picklist/list/formsPublications.html?indexOfFirstRow=0&sortColumn=sortOrder&value=&criteria=&resultsPerPage=200&isDescending=false,Publ 596,https://www.irs.gov/pub/irs-pdf/p596.pdf,Earned Income Credit,2017,01/19/2018
https://apps.irs.gov/app/picklist/list/formsPublications.html?indexOfFirstRow=0&sortColumn=sortOrder&value=&criteria=&resultsPerPage=200&isDescending=false,Publ 596 (SP),https://www.irs.gov/pub/irs-pdf/p596sp.pdf,Credito por Ingreso del Trabajo,2017,02/06/2018
https://apps.irs.gov/app/picklist/list/formsPublications.html?indexOfFirstRow=0&sortColumn=sortOrder&value=&criteria=&resultsPerPage=200&isDescending=false,Publ 597,https://www.irs.gov/pub/irs-pdf/p597.pdf,Information on the United States-Canada Income Tax Treaty,1015,10/07/2015
https://apps.irs.gov/app/picklist/list/formsPublications.html?indexOfFirstRow=0&sortColumn=sortOrder&value=&criteria=&resultsPerPage=200&isDescending=false,Publ 598,https://www.irs.gov/pub/irs-pdf/p598.pdf,Tax on Unrelated Business Income of Exempt Organizations,0117,01/09/2017
https://apps.irs.gov/app/picklist/list/formsPublications.html?indexOfFirstRow=0&sortColumn=sortOrder&value=&criteria=&resultsPerPage=200&isDescending=false,Publ 600,https://www.irs.gov/pub/irs-pdf/p600.pdf,State and Local General Sales Taxes,2006,07/17/2012
https://apps.irs.gov/app/picklist/list/formsPublications.html?indexOfFirstRow=0&sortColumn=sortOrder&value=&criteria=&resultsPerPage=200&isDescending=false,Notc 609,https://www.irs.gov/pub/irs-pdf/n609.pdf,Privacy Act Notice,1013,09/17/2013
https://apps.irs.gov/app/picklist/list/formsPublications.html?indexOfFirstRow=0&sortColumn=sortOrder&value=&criteria=&resultsPerPage=200&isDescending=false,Notc 609 (SP),https://www.irs.gov/pub/irs-pdf/n609s.pdf,Aviso sobre la Ley de Informacion Confidencial,1013,05/13/2014
https://apps.irs.gov/app/picklist/list/formsPublications.html?indexOfFirstRow=0&sortColumn=sortOrder&value=&criteria=&resultsPerPage=200&isDescending=false,Form 637,https://www.irs.gov/pub/irs-pdf/f637.pdf,Application for Registration (For Certain Excise Tax Activities),1017,11/03/2017
https://apps.irs.gov/app/picklist/list/formsPublications.html?indexOfFirstRow=0&sortColumn=sortOrder&value=&criteria=&resultsPerPage=200&isDescending=false,Form 656,https://www.irs.gov/pub/irs-pdf/f656.pdf,Offer in Compromise,0318,03/25/2018
https://apps.irs.gov/app/picklist/list/formsPublications.html?indexOfFirstRow=0&sortColumn=sortOrder&value=&criteria=&resultsPerPage=200&isDescending=false,Form 656-B,https://www.irs.gov/pub/irs-pdf/f656b.pdf,Offer in Compromise Booklet,0318,03/25/2018
https://apps.irs.gov/app/picklist/list/formsPublications.html?indexOfFirstRow=0&sortColumn=sortOrder&value=&criteria=&resultsPerPage=200&isDescending=false,Form 656-L,https://www.irs.gov/pub/irs-pdf/f656l.pdf,Offer in Compromise (Doubt as to Liability),0118,01/24/2018
https://apps.irs.gov/app/picklist/list/formsPublications.html?indexOfFirstRow=0&sortColumn=sortOrder&value=&criteria=&resultsPerPage=200&isDescending=false,Form 656-PPV,https://www.irs.gov/pub/irs-pdf/f656ppv.pdf,Offer in Compromise - Periodic Payment Voucher,0318,03/22/2018
https://apps.irs.gov/app/picklist/list/formsPublications.html?indexOfFirstRow=0&sortColumn=sortOrder&value=&criteria=&resultsPerPage=200&isDescending=false,Form 673,https://www.irs.gov/pub/irs-pdf/f673.pdf,Statement for Claiming Exemption from Withholding on Foreign Earned Income Eligible for the Exclusion(s) Provided by Section 911,1207,07/17/2012
https://apps.irs.gov/app/picklist/list/formsPublications.html?indexOfFirstRow=0&sortColumn=sortOrder&value=&criteria=&resultsPerPage=200&isDescending=false,Notc 703,https://www.irs.gov/pub/irs-pdf/n703.pdf,Read This To See If Your Social Security Benefits May Be Taxable,0917,09/16/2017
https://apps.irs.gov/app/picklist/list/formsPublications.html?indexOfFirstRow=0&sortColumn=sortOrder&value=&criteria=&resultsPerPage=200&isDescending=false,Form 706,https://www.irs.gov/pub/irs-pdf/f706.pdf,United States Estate (and Generation-Skipping Transfer) Tax Return,0817,09/16/2017
https://apps.irs.gov/app/picklist/list/formsPublications.html?indexOfFirstRow=0&sortColumn=sortOrder&value=&criteria=&resultsPerPage=200&isDescending=false,Inst 706,https://www.irs.gov/pub/irs-pdf/i706.pdf,"Instructions for Form 706, United States Estate (and Generation-Skipping Transfer) Tax Return",0817,09/16/2017
https://apps.irs.gov/app/picklist/list/formsPublications.html?indexOfFirstRow=0&sortColumn=sortOrder&value=&criteria=&resultsPerPage=200&isDescending=false,Form 706-A,https://www.irs.gov/pub/irs-pdf/f706a.pdf,United States Additional Estate Tax Return,0913,09/20/2013
https://apps.irs.gov/app/picklist/list/formsPublications.html?indexOfFirstRow=0&sortColumn=sortOrder&value=&criteria=&resultsPerPage=200&isDescending=false,Inst 706-A,https://www.irs.gov/pub/irs-pdf/i706a.pdf,"Instructions for Form 706-A, United States Additional Estate Tax Return",0916,11/21/2016
https://apps.irs.gov/app/picklist/list/formsPublications.html?indexOfFirstRow=0&sortColumn=sortOrder&value=&criteria=&resultsPerPage=200&isDescending=false,Form 706-CE,https://www.irs.gov/pub/irs-pdf/f706ce.pdf,Certification of Payment of Foreign Death Tax,1013,11/13/2013
https://apps.irs.gov/app/picklist/list/formsPublications.html?indexOfFirstRow=0&sortColumn=sortOrder&value=&criteria=&resultsPerPage=200&isDescending=false,Form 706-GS(D),https://www.irs.gov/pub/irs-pdf/f706gsd.pdf,Generation-Skipping Transfer Tax Return for Distributions,0813,10/11/2013
https://apps.irs.gov/app/picklist/list/formsPublications.html?indexOfFirstRow=0&sortColumn=sortOrder&value=&criteria=&resultsPerPage=200&isDescending=false,Inst 706-GS(D),https://www.irs.gov/pub/irs-pdf/i706gsd.pdf,"Instructions for Form 706-GS(D), Generation-Skipping Transfer Tax Return for Distributions",0916,11/23/2016
https://apps.irs.gov/app/picklist/list/formsPublications.html?indexOfFirstRow=0&sortColumn=sortOrder&value=&criteria=&resultsPerPage=200&isDescending=false,Form 706-GS(D-1),https://www.irs.gov/pub/irs-pdf/f706gsd1.pdf,Notification of Distribution From a Generation-Skipping Trust,1008,07/17/2012
https://apps.irs.gov/app/picklist/list/formsPublications.html?indexOfFirstRow=0&sortColumn=sortOrder&value=&criteria=&resultsPerPage=200&isDescending=false,Inst 706-GS(D-1),https://www.irs.gov/pub/irs-pdf/i706gsd1.pdf,"Instructions for Form 706-GS(D-1), Notification of Distribution From a Generation-Skipping Trust",1117,12/14/2017
https://apps.irs.gov/app/picklist/list/formsPublications.html?indexOfFirstRow=0&sortColumn=sortOrder&value=&criteria=&resultsPerPage=200&isDescending=false,Form 706-GS(T),https://www.irs.gov/pub/irs-pdf/f706gst.pdf,Generation Skipping Transfer Tax Return for Terminations,1113,10/11/2013
https://apps.irs.gov/app/picklist/list/formsPublications.html?indexOfFirstRow=0&sortColumn=sortOrder&value=&criteria=&resultsPerPage=200&isDescending=false,Inst 706-GS(T),https://www.irs.gov/pub/irs-pdf/i706gst.pdf,"Instructions for Form 706-GS(T), Generation-Skipping Transfer Tax Return For Terminations",1117,11/20/2017
https://apps.irs.gov/app/picklist/list/formsPublications.html?indexOfFirstRow=0&sortColumn=sortOrder&value=&criteria=&resultsPerPage=200&isDescending=false,Form 706-NA,https://www.irs.gov/pub/irs-pdf/f706na.pdf,United States Estate (and Generation-Skipping Transfer) Tax Return,0813,08/23/2013
https://apps.irs.gov/app/picklist/list/formsPublications.html?indexOfFirstRow=0&sortColumn=sortOrder&value=&criteria=&resultsPerPage=200&isDescending=false,Inst 706-NA,https://www.irs.gov/pub/irs-pdf/i706na.pdf,"Instructions for Form 706-NA, United States Estate (and Generation-Skipping Transfer) Tax Return (Estate of nonresident not a citizen of the U.S.)",0916,09/02/2016
https://apps.irs.gov/app/picklist/list/formsPublications.html?indexOfFirstRow=0&sortColumn=sortOrder&value=&criteria=&resultsPerPage=200&isDescending=false,Form 706-QDT,https://www.irs.gov/pub/irs-pdf/f706qdt.pdf,U.S. Estate Tax Return for Qualified Domestic Trusts,0814,08/08/2014
https://apps.irs.gov/app/picklist/list/formsPublications.html?indexOfFirstRow=0&sortColumn=sortOrder&value=&criteria=&resultsPerPage=200&isDescending=false,Inst 706-QDT,https://www.irs.gov/pub/irs-pdf/i706qdt.pdf,"Instructions for Form 706-QDT, U.S. Estate Tax Return for Qualified Domestic Trusts",0814,08/13/2014
https://apps.irs.gov/app/picklist/list/formsPublications.html?indexOfFirstRow=0&sortColumn=sortOrder&value=&criteria=&resultsPerPage=200&isDescending=false,Form 709,https://www.irs.gov/pub/irs-pdf/f709.pdf,United States Gift (and Generation-Skipping Transfer) Tax Return,2017,10/31/2017
https://apps.irs.gov/app/picklist/list/formsPublications.html?indexOfFirstRow=0&sortColumn=sortOrder&value=&criteria=&resultsPerPage=200&isDescending=false,Inst 709,https://www.irs.gov/pub/irs-pdf/i709.pdf,"Instructions for Form 709, United States Gift (and Generation-Skipping Transfer) Tax Return",2017,11/08/2017
https://apps.irs.gov/app/picklist/list/formsPublications.html?indexOfFirstRow=0&sortColumn=sortOrder&value=&criteria=&resultsPerPage=200&isDescending=false,Form 712,https://www.irs.gov/pub/irs-pdf/f712.pdf,Life Insurance Statement,0406,07/17/2012
https://apps.irs.gov/app/picklist/list/formsPublications.html?indexOfFirstRow=0&sortColumn=sortOrder&value=&criteria=&resultsPerPage=200&isDescending=false,Form 720,https://www.irs.gov/pub/irs-pdf/f720.pdf,Quarterly Federal Excise Tax Return,0118,02/26/2018
https://apps.irs.gov/app/picklist/list/formsPublications.html?indexOfFirstRow=0&sortColumn=sortOrder&value=&criteria=&resultsPerPage=200&isDescending=false,Inst 720,https://www.irs.gov/pub/irs-pdf/i720.pdf,"Instructions for Form 720, Quarterly Federal Excise Tax Return",0118,03/08/2018
https://apps.irs.gov/app/picklist/list/formsPublications.html?indexOfFirstRow=0&sortColumn=sortOrder&value=&criteria=&resultsPerPage=200&isDescending=false,Form 720-CS,https://www.irs.gov/pub/irs-pdf/f720cs.pdf,Carrier Summary Report,0910,07/17/2012
https://apps.irs.gov/app/picklist/list/formsPublications.html?indexOfFirstRow=0&sortColumn=sortOrder&value=&criteria=&resultsPerPage=200&isDescending=false,Inst 720-CS,https://www.irs.gov/pub/irs-pdf/i720cs.pdf,"Instructions for Form 720-CS, Carrier Summary Report",0717,09/16/2017
https://apps.irs.gov/app/picklist/list/formsPublications.html?indexOfFirstRow=0&sortColumn=sortOrder&value=&criteria=&resultsPerPage=200&isDescending=false,Form 720-TO,https://www.irs.gov/pub/irs-pdf/f720to.pdf,Terminal Operator Report,0910,07/17/2012
https://apps.irs.gov/app/picklist/list/formsPublications.html?indexOfFirstRow=0&sortColumn=sortOrder&value=&criteria=&resultsPerPage=200&isDescending=false,Inst 720-TO,https://www.irs.gov/pub/irs-pdf/i720to.pdf,"Instructions for Form 720-TO, Terminal Operator Report",0717,09/16/2017
https://apps.irs.gov/app/picklist/list/formsPublications.html?indexOfFirstRow=0&sortColumn=sortOrder&value=&criteria=&resultsPerPage=200&isDescending=false,Form 720-X,https://www.irs.gov/pub/irs-pdf/f720x.pdf,Amended Quarterly Federal Excise Tax Return,0313,04/03/2013
https://apps.irs.gov/app/picklist/list/formsPublications.html?indexOfFirstRow=0&sortColumn=sortOrder&value=&criteria=&resultsPerPage=200&isDescending=false,Publ 721,https://www.irs.gov/pub/irs-pdf/p721.pdf,Tax Guide to U.S. Civil Service Retirement Benefits,2017,01/25/2018
https://apps.irs.gov/app/picklist/list/formsPublications.html?indexOfFirstRow=0&sortColumn=sortOrder&value=&criteria=&resultsPerPage=200&isDescending=false,Form 730,https://www.irs.gov/pub/irs-pdf/f730.pdf,Monthly Tax Return for Wagers,1217,12/21/2017
https://apps.irs.gov/app/picklist/list/formsPublications.html?indexOfFirstRow=0&sortColumn=sortOrder&value=&criteria=&resultsPerPage=200&isDescending=false,Notc 746,https://www.irs.gov/pub/irs-pdf/n746.pdf,"Information About Your Notice, Penalty and Interest",0416,05/19/2016
https://apps.irs.gov/app/picklist/list/formsPublications.html?indexOfFirstRow=0&sortColumn=sortOrder&value=&criteria=&resultsPerPage=200&isDescending=false,Notc 746 (SP),https://www.irs.gov/pub/irs-pdf/n746sp.pdf,"Information About Your Notice, Penalty and Interest (Spanish version)",0416,05/19/2016
https://apps.irs.gov/app/picklist/list/formsPublications.html?indexOfFirstRow=0&sortColumn=sortOrder&value=&criteria=&resultsPerPage=200&isDescending=false,Publ 783,https://www.irs.gov/pub/irs-pdf/p783.pdf,Instructions on How to Apply for Certificate of Discharge from Federal Tax Lien,0610,07/17/2012
https://apps.irs.gov/app/picklist/list/formsPublications.html?indexOfFirstRow=0&sortColumn=sortOrder&value=&criteria=&resultsPerPage=200&isDescending=false,Notc 784,https://www.irs.gov/pub/irs-pdf/n784.pdf,Could You be Personally Liable for Certain Unpaid Federal Taxes,0316,03/07/2016
https://apps.irs.gov/app/picklist/list/formsPublications.html?indexOfFirstRow=0&sortColumn=sortOrder&value=&criteria=&resultsPerPage=200&isDescending=false,Publ 784,https://www.irs.gov/pub/irs-pdf/p784.pdf,Instructions on How to Apply for a Certificate of Subordination of Federal Tax Lien,0610,07/17/2012
https://apps.irs.gov/app/picklist/list/formsPublications.html?indexOfFirstRow=0&sortColumn=sortOrder&value=&criteria=&resultsPerPage=200&isDescending=false,Publ 785,https://www.irs.gov/pub/irs-pdf/p785.pdf,Purchase Money Mortgages and Subordination of the Federal Tax Lien,1005,07/17/2012
https://apps.irs.gov/app/picklist/list/formsPublications.html?indexOfFirstRow=0&sortColumn=sortOrder&value=&criteria=&resultsPerPage=200&isDescending=false,Publ 786,https://www.irs.gov/pub/irs-pdf/p786.pdf,Instructions for Preparing Notice of Nonjudicial Sale of Property and Application for Consent to Sale,0516,06/07/2016
https://apps.irs.gov/app/picklist/list/formsPublications.html?indexOfFirstRow=0&sortColumn=sortOrder&value=&criteria=&resultsPerPage=200&isDescending=false,Publ 794,https://www.irs.gov/pub/irs-pdf/p794.pdf,Favorable Determination Letter,1116,11/14/2016
https://apps.irs.gov/app/picklist/list/formsPublications.html?indexOfFirstRow=0&sortColumn=sortOrder&value=&criteria=&resultsPerPage=200&isDescending=false,Notc 797,https://www.irs.gov/pub/irs-pdf/n797.pdf,Possible Federal Tax Refund Due to the Earned Income Credit (EIC),1217,11/21/2017
https://apps.irs.gov/app/picklist/list/formsPublications.html?indexOfFirstRow=0&sortColumn=sortOrder&value=&criteria=&resultsPerPage=200&isDescending=false,Form 843,https://www.irs.gov/pub/irs-pdf/f843.pdf,Claim for Refund and Request for Abatement,0811,09/22/2014
https://apps.irs.gov/app/picklist/list/formsPublications.html?indexOfFirstRow=0&sortColumn=sortOrder&value=&criteria=&resultsPerPage=200&isDescending=false,Inst 843,https://www.irs.gov/pub/irs-pdf/i843.pdf,"Instructions for Form 843, Claim for Refund and Request for Abatement",1213,04/25/2017
https://apps.irs.gov/app/picklist/list/formsPublications.html?indexOfFirstRow=0&sortColumn=sortOrder&value=&criteria=&resultsPerPage=200&isDescending=false,Notc 844,https://www.irs.gov/pub/irs-pdf/n844.pdf,Federal Tax Obligations of Non-Profit Corporations,0610,02/28/2013
https://apps.irs.gov/app/picklist/list/formsPublications.html?indexOfFirstRow=0&sortColumn=sortOrder&value=&criteria=&resultsPerPage=200&isDescending=false,Publ 850 (EN/CN-S),https://www.irs.gov/pub/irs-pdf/p850encs.pdf,English-Chinese (Simplified) Glossary of Words and Phrases,1007,07/17/2012
https://apps.irs.gov/app/picklist/list/formsPublications.html?indexOfFirstRow=0&sortColumn=sortOrder&value=&criteria=&resultsPerPage=200&isDescending=false,Publ 850 (EN/CN-T),https://www.irs.gov/pub/irs-pdf/p850enct.pdf,English-Chinese (Traditional) Glossary of Words and Phrases,1007,07/17/2012
https://apps.irs.gov/app/picklist/list/formsPublications.html?indexOfFirstRow=0&sortColumn=sortOrder&value=&criteria=&resultsPerPage=200&isDescending=false,Publ 850 (EN/KR),https://www.irs.gov/pub/irs-pdf/p850enkr.pdf,English-Korean Glossary of Words and Phrases,1007,07/17/2012
https://apps.irs.gov/app/picklist/list/formsPublications.html?indexOfFirstRow=0&sortColumn=sortOrder&value=&criteria=&resultsPerPage=200&isDescending=false,Publ 850 (EN/RU),https://www.irs.gov/pub/irs-pdf/p850enru.pdf,English-Russian Glossary of Words and Phrases,1007,07/17/2012
https://apps.irs.gov/app/picklist/list/formsPublications.html?indexOfFirstRow=0&sortColumn=sortOrder&value=&criteria=&resultsPerPage=200&isDescending=false,Publ 850 (EN/SP),https://www.irs.gov/pub/irs-pdf/p850.pdf,English-Spanish Glossary of Words and Phrases,0511,12/01/2017
https://apps.irs.gov/app/picklist/list/formsPublications.html?indexOfFirstRow=0&sortColumn=sortOrder&value=&criteria=&resultsPerPage=200&isDescending=false,Publ 850 (EN/VN),https://www.irs.gov/pub/irs-pdf/p850envn.pdf,English-Vietnamese Glossary of Words and Phrases,1007,07/17/2012
https://apps.irs.gov/app/picklist/list/formsPublications.html?indexOfFirstRow=0&sortColumn=sortOrder&value=&criteria=&resultsPerPage=200&isDescending=false,Form 851,https://www.irs.gov/pub/irs-pdf/f851.pdf,Affiliations Schedule,1016,10/14/2016
https://apps.irs.gov/app/picklist/list/formsPublications.html?indexOfFirstRow=0&sortColumn=sortOrder&value=&criteria=&resultsPerPage=200&isDescending=false,Form 886-H-AOC,https://www.irs.gov/pub/irs-pdf/f886haoc.pdf,Supporting Documents to Prove American Opportunity Credit,0517,11/17/2017
https://apps.irs.gov/app/picklist/list/formsPublications.html?indexOfFirstRow=0&sortColumn=sortOrder&value=&criteria=&resultsPerPage=200&isDescending=false,Form 886-H-DEP (SP),https://www.irs.gov/pub/irs-pdf/f886hdsp.pdf,Supporting Documents for Dependency Exemptions (Spanish Version),1017,11/17/2017
https://apps.irs.gov/app/picklist/list/formsPublications.html?indexOfFirstRow=0&sortColumn=sortOrder&value=&criteria=&resultsPerPage=200&isDescending=false,Form 886-H-EIC,https://www.irs.gov/pub/irs-pdf/f886he.pdf,Documents You Need to Send to Claim the Earned Income Credit on the Basis of a Qualifying Child or Children,1017,11/17/2017
https://apps.irs.gov/app/picklist/list/formsPublications.html?indexOfFirstRow=0&sortColumn=sortOrder&value=&criteria=&resultsPerPage=200&isDescending=false,Form 886-H-EIC (SP),https://www.irs.gov/pub/irs-pdf/f886hesp.pdf,Documents You Need to Provide So You Can Claim the Earned Income Credit on the Basis of a Qualifying Child or Children (Spanish Version),1017,11/17/2017
https://apps.irs.gov/app/picklist/list/formsPublications.html?indexOfFirstRow=0&sortColumn=sortOrder&value=&criteria=&resultsPerPage=200&isDescending=false,Form 886-H-FTHBC,https://www.irs.gov/pub/irs-pdf/f886hfth.pdf,First-Time Homebuyer Credit Supporting Documents,0909,07/17/2012
https://apps.irs.gov/app/picklist/list/formsPublications.html?indexOfFirstRow=0&sortColumn=sortOrder&value=&criteria=&resultsPerPage=200&isDescending=false,Form 886-H-HOH (SP),https://www.irs.gov/pub/irs-pdf/f886hhsp.pdf,Supporting Documents To Prove Head of Household Filing Status (Spanish Version),1017,11/17/2017
https://apps.irs.gov/app/picklist/list/formsPublications.html?indexOfFirstRow=0&sortColumn=sortOrder&value=&criteria=&resultsPerPage=200&isDescending=false,Form 886-L,https://www.irs.gov/pub/irs-pdf/f886l.pdf,Supporting Documents,1214,11/17/2017
https://apps.irs.gov/app/picklist/list/formsPublications.html?indexOfFirstRow=0&sortColumn=sortOrder&value=&criteria=&resultsPerPage=200&isDescending=false,Publ 892,https://www.irs.gov/pub/irs-pdf/p892.pdf,How to Appeal an IRS Determination on Tax-Exempt Status,0217,02/15/2017
https://apps.irs.gov/app/picklist/list/formsPublications.html?indexOfFirstRow=0&sortColumn=sortOrder&value=&criteria=&resultsPerPage=200&isDescending=false,Publ 901,https://www.irs.gov/pub/irs-pdf/p901.pdf,U.S. Tax Treaties,0916,10/12/2016
https://apps.irs.gov/app/picklist/list/formsPublications.html?indexOfFirstRow=0&sortColumn=sortOrder&value=&criteria=&resultsPerPage=200&isDescending=false,Form 907,https://www.irs.gov/pub/irs-pdf/f907.pdf,Agreement to Extend the Time to Bring Suit,0101,07/17/2012
https://apps.irs.gov/app/picklist/list/formsPublications.html?indexOfFirstRow=0&sortColumn=sortOrder&value=&criteria=&resultsPerPage=200&isDescending=false,Publ 907,https://www.irs.gov/pub/irs-pdf/p907.pdf,Tax Highlights for Persons With Disabilities,2017,02/12/2018
https://apps.irs.gov/app/picklist/list/formsPublications.html?indexOfFirstRow=0&sortColumn=sortOrder&value=&criteria=&resultsPerPage=200&isDescending=false,Publ 908,https://www.irs.gov/pub/irs-pdf/p908.pdf,Bankruptcy Tax Guide,1012,12/13/2012
https://apps.irs.gov/app/picklist/list/formsPublications.html?indexOfFirstRow=0&sortColumn=sortOrder&value=&criteria=&resultsPerPage=200&isDescending=false,Form 911,https://www.irs.gov/pub/irs-pdf/f911.pdf,Request for Taxpayer Advocate Service Assistance (And Application for Taxpayer Assistance Order),0215,02/26/2015
https://apps.irs.gov/app/picklist/list/formsPublications.html?indexOfFirstRow=0&sortColumn=sortOrder&value=&criteria=&resultsPerPage=200&isDescending=false,Publ 915,https://www.irs.gov/pub/irs-pdf/p915.pdf,Social Security and Equivalent Railroad Retirement Benefits,2017,01/04/2018
https://apps.irs.gov/app/picklist/list/formsPublications.html?indexOfFirstRow=0&sortColumn=sortOrder&value=&criteria=&resultsPerPage=200&isDescending=false,Form 921,https://www.irs.gov/pub/irs-pdf/f921.pdf,Consent to Extend the Time to Assess Income Tax,0701,07/17/2012
https://apps.irs.gov/app/picklist/list/formsPublications.html?indexOfFirstRow=0&sortColumn=sortOrder&value=&criteria=&resultsPerPage=200&isDescending=false,Form 921-A,https://www.irs.gov/pub/irs-pdf/f921a.pdf,Consent Fixing Period of Limitation on Assessment of Income and Profits Tax,0101,07/17/2012
https://apps.irs.gov/app/picklist/list/formsPublications.html?indexOfFirstRow=0&sortColumn=sortOrder&value=&criteria=&resultsPerPage=200&isDescending=false,Form 921-I,https://www.irs.gov/pub/irs-pdf/f921i.pdf,Consent Fixing Period of Limitation on Assessment of Income and Profits Tax,1012,05/16/2014
https://apps.irs.gov/app/picklist/list/formsPublications.html?indexOfFirstRow=0&sortColumn=sortOrder&value=&criteria=&resultsPerPage=200&isDescending=false,Form 921-P,https://www.irs.gov/pub/irs-pdf/f921p.pdf,Consent Fixing Period of Limitation on Assessment of Income and Profits Tax,1001,07/17/2012
https://apps.irs.gov/app/picklist/list/formsPublications.html?indexOfFirstRow=0&sortColumn=sortOrder&value=&criteria=&resultsPerPage=200&isDescending=false,Publ 925,https://www.irs.gov/pub/irs-pdf/p925.pdf,Passive Activity and At-Risk Rules,2017,03/01/2018
https://apps.irs.gov/app/picklist/list/formsPublications.html?indexOfFirstRow=0&sortColumn=sortOrder&value=&criteria=&resultsPerPage=200&isDescending=false,Form 926,https://www.irs.gov/pub/irs-pdf/f926.pdf,Return by a U.S. Transferor of Property to a Foreign Corporation,1217,12/27/2017
https://apps.irs.gov/app/picklist/list/formsPublications.html?indexOfFirstRow=0&sortColumn=sortOrder&value=&criteria=&resultsPerPage=200&isDescending=false,Inst 926,https://www.irs.gov/pub/irs-pdf/i926.pdf,"Instructions for Form 926, Return by a U.S. Transferor of Property to a Foreign Corporation",1217,01/23/2018
https://apps.irs.gov/app/picklist/list/formsPublications.html?indexOfFirstRow=0&sortColumn=sortOrder&value=&criteria=&resultsPerPage=200&isDescending=false,Publ 926,https://www.irs.gov/pub/irs-pdf/p926.pdf,Household Employer's Tax Guide,2018,02/02/2018
https://apps.irs.gov/app/picklist/list/formsPublications.html?indexOfFirstRow=0&sortColumn=sortOrder&value=&criteria=&resultsPerPage=200&isDescending=false,Form 928,https://www.irs.gov/pub/irs-pdf/f928.pdf,Taxable Fuel Bond,0917,12/12/2017
https://apps.irs.gov/app/picklist/list/formsPublications.html?indexOfFirstRow=0&sortColumn=sortOrder&value=&criteria=&resultsPerPage=200&isDescending=false,Publ 929,https://www.irs.gov/pub/irs-pdf/p929.pdf,Tax Rules for Children and Dependents,2017,01/24/2018
https://apps.irs.gov/app/picklist/list/formsPublications.html?indexOfFirstRow=0&sortColumn=sortOrder&value=&criteria=&resultsPerPage=200&isDescending=false,Notc 931,https://www.irs.gov/pub/irs-pdf/n931.pdf,Deposit Requirements for Employment Taxes,1017,09/25/2017
https://apps.irs.gov/app/picklist/list/formsPublications.html?indexOfFirstRow=0&sortColumn=sortOrder&value=&criteria=&resultsPerPage=200&isDescending=false,Publ 936,https://www.irs.gov/pub/irs-pdf/p936.pdf,Home Mortgage Interest Deduction,2017,02/06/2018
https://apps.irs.gov/app/picklist/list/formsPublications.html?indexOfFirstRow=0&sortColumn=sortOrder&value=&criteria=&resultsPerPage=200&isDescending=false,Publ 938,https://www.irs.gov/pub/irs-pdf/p938.pdf,Real Estate Mortgage Investment Conduits (REMICs) Reporting Information (And Other Collateralized Debt Obligations (CDOs)),0218,02/20/2018
https://apps.irs.gov/app/picklist/list/formsPublications.html?indexOfFirstRow=0&sortColumn=sortOrder&value=&criteria=&resultsPerPage=200&isDescending=false,Publ 939,https://www.irs.gov/pub/irs-pdf/p939.pdf,General Rule for Pensions and Annuities,1213,01/08/2014
https://apps.irs.gov/app/picklist/list/formsPublications.html?indexOfFirstRow=0&sortColumn=sortOrder&value=&criteria=&resultsPerPage=200&isDescending=false,Form 940,https://www.irs.gov/pub/irs-pdf/f940.pdf,Employer's Annual Federal Unemployment (FUTA) Tax Return,2017,11/22/2017
https://apps.irs.gov/app/picklist/list/formsPublications.html?indexOfFirstRow=0&sortColumn=sortOrder&value=&criteria=&resultsPerPage=200&isDescending=false,Inst 940,https://www.irs.gov/pub/irs-pdf/i940.pdf,"Instructions for Form 940, Employer's Annual Federal Unemployment (FUTA) Tax Return",2017,11/21/2017
https://apps.irs.gov/app/picklist/list/formsPublications.html?indexOfFirstRow=0&sortColumn=sortOrder&value=&criteria=&resultsPerPage=200&isDescending=false,Form 940 (PR),https://www.irs.gov/pub/irs-pdf/f940pr.pdf,Planilla Para La Declaracion Federal Anual Del Patrono de la Contribcion Federal Para El Desempleo (FUTA),2017,12/01/2017
https://apps.irs.gov/app/picklist/list/formsPublications.html?indexOfFirstRow=0&sortColumn=sortOrder&value=&criteria=&resultsPerPage=200&isDescending=false,Inst 940 (PR),https://www.irs.gov/pub/irs-pdf/i940pr.pdf,"Instrucciones para el Formulario 940-PR, Planilla para la Declaracion Federal Anual del Patrono de la Contribucion Federal para el Desempleo (FUTA)",2017,12/07/2017
https://apps.irs.gov/app/picklist/list/formsPublications.html?indexOfFirstRow=0&sortColumn=sortOrder&value=&criteria=&resultsPerPage=200&isDescending=false,Form 940 (PR) (Schedule A),https://www.irs.gov/pub/irs-pdf/f940pra.pdf,Multi-State Employer and Credit Reduction Information (Puerto Rican Version),2017,12/01/2017
https://apps.irs.gov/app/picklist/list/formsPublications.html?indexOfFirstRow=0&sortColumn=sortOrder&value=&criteria=&resultsPerPage=200&isDescending=false,Form 940 (Schedule A),https://www.irs.gov/pub/irs-pdf/f940sa.pdf,Multi-State Employer and Credit Reduction Information,2017,11/22/2017
https://apps.irs.gov/app/picklist/list/formsPublications.html?indexOfFirstRow=0&sortColumn=sortOrder&value=&criteria=&resultsPerPage=200&isDescending=false,Form 940 (Schedule R),https://www.irs.gov/pub/irs-pdf/f940sr.pdf,Allocation Schedule for Aggregate Form 940 Filers,1217,11/22/2017
https://apps.irs.gov/app/picklist/list/formsPublications.html?indexOfFirstRow=0&sortColumn=sortOrder&value=&criteria=&resultsPerPage=200&isDescending=false,Notc 940 (SP),https://www.irs.gov/pub/irs-pdf/n940sp.pdf,Why Do I Have to File Form W-4 with My Employer? (Spanish version),0813,08/20/2013
https://apps.irs.gov/app/picklist/list/formsPublications.html?indexOfFirstRow=0&sortColumn=sortOrder&value=&criteria=&resultsPerPage=200&isDescending=false,Form 940-B,https://www.irs.gov/pub/irs-pdf/f940b.pdf,Request for Verification of Credit Information Shown on Form 940,0510,07/17/2012
https://apps.irs.gov/app/picklist/list/formsPublications.html?indexOfFirstRow=0&sortColumn=sortOrder&value=&criteria=&resultsPerPage=200&isDescending=false,Form 941,https://www.irs.gov/pub/irs-pdf/f941.pdf,Employer's Quarterly Federal Tax Return,0118,02/27/2018
https://apps.irs.gov/app/picklist/list/formsPublications.html?indexOfFirstRow=0&sortColumn=sortOrder&value=&criteria=&resultsPerPage=200&isDescending=false,Inst 941,https://www.irs.gov/pub/irs-pdf/i941.pdf,"Instructions for Form 941, Employer's Quarterly Federal Tax Return",0118,02/27/2018
https://apps.irs.gov/app/picklist/list/formsPublications.html?indexOfFirstRow=0&sortColumn=sortOrder&value=&criteria=&resultsPerPage=200&isDescending=false,Form 941 (PR),https://www.irs.gov/pub/irs-pdf/f941pr.pdf,Planilla para la Declaracion Federal TRIMESTRAL del Patrono,0118,02/28/2018
https://apps.irs.gov/app/picklist/list/formsPublications.html?indexOfFirstRow=0&sortColumn=sortOrder&value=&criteria=&resultsPerPage=200&isDescending=false,Inst 941 (PR),https://www.irs.gov/pub/irs-pdf/i941pr.pdf,"Instrucciones para el Formulario 941-PR, Planilla para la Declaracion Federal TRIMESTRAL del Patrono",0118,03/01/2018
https://apps.irs.gov/app/picklist/list/formsPublications.html?indexOfFirstRow=0&sortColumn=sortOrder&value=&criteria=&resultsPerPage=200&isDescending=false,Form 941 (PR) (Schedule B),https://www.irs.gov/pub/irs-pdf/f941prb.pdf,Registro de la Obligacion Contributiva para los Depositantes de Itinerario Bisemanal,0117,03/01/2017
https://apps.irs.gov/app/picklist/list/formsPublications.html?indexOfFirstRow=0&sortColumn=sortOrder&value=&criteria=&resultsPerPage=200&isDescending=false,Inst 941 (PR) (Schedule B),https://www.irs.gov/pub/irs-pdf/i941prb.pdf,"Instrucciones para el Anexo B (Forma 941-PR), Registro de la Obligacion Contributiva para los Depositantes de Itinerario Bisemanal",0117,03/01/2017
https://apps.irs.gov/app/picklist/list/formsPublications.html?indexOfFirstRow=0&sortColumn=sortOrder&value=&criteria=&resultsPerPage=200&isDescending=false,Form 941 (Schedule B),https://www.irs.gov/pub/irs-pdf/f941sb.pdf,Report of Tax Liability for Semiweekly Schedule Depositors,0117,03/01/2017
https://apps.irs.gov/app/picklist/list/formsPublications.html?indexOfFirstRow=0&sortColumn=sortOrder&value=&criteria=&resultsPerPage=200&isDescending=false,Inst 941 (Schedule B),https://www.irs.gov/pub/irs-pdf/i941sb.pdf,"Instructions for Schedule B (Form 941), Report of Tax Liability for Semiweekly Schedule Depositors",0117,03/01/2017
https://apps.irs.gov/app/picklist/list/formsPublications.html?indexOfFirstRow=0&sortColumn=sortOrder&value=&criteria=&resultsPerPage=200&isDescending=false,Form 941 (Schedule D),https://www.irs.gov/pub/irs-pdf/f941sd.pdf,"Report of Discrepancies Caused by Acquisitions, Statutory Mergers, or Consolidations",0611,07/17/2012
