Best_Midsize_Cars
url,Ranking,Car,Car_link,Review_snippet,Score,Msrp,Mpg
https://cars.usnews.com/cars-trucks/rankings/midsize-cars,#1,2018 Toyota Camry,https://cars.usnews.com/cars-trucks/toyota/camry,"With more safety features, better technology, and improved handling dynamics, the redesigned 2018 Toyota Camry earns a place near the top of our rankings. Read full review »",9.3,"$23,645 - $35,100",28 City / 39 Hwy
https://cars.usnews.com/cars-trucks/rankings/midsize-cars,#2,2018 Honda Accord,https://cars.usnews.com/cars-trucks/honda/accord,"The completely redesigned Honda Accord is a practical family car that’s enjoyable to drive. It fits the bill for many drivers and has few flaws, ... Read full review »",9.1,"$23,570 - $35,800",30 City / 38 Hwy
https://cars.usnews.com/cars-trucks/rankings/midsize-cars,#3,2018 Toyota Camry Hybrid,https://cars.usnews.com/cars-trucks/toyota/camry-hybrid,"The Toyota Camry Hybrid is fully redesigned for 2018. It has great performance for a hybrid, impressive fuel efficiency, and a spacious and comfortable ... Read full review »",9.0,"$27,800 - $32,250",51 City / 53 Hwy
https://cars.usnews.com/cars-trucks/rankings/midsize-cars,#4,2017 Mazda Mazda6,https://cars.usnews.com/cars-trucks/mazda/mazda6,"If you think of midsize sedans as only boring family cars, the 2017 Mazda6 may change your mind. Its incredibly sharp handling, responsive steering, ... Read full review »",8.6,"$21,945 - $30,695",24 City / 34 Hwy
https://cars.usnews.com/cars-trucks/rankings/midsize-cars,#4,2018 Hyundai Sonata,https://cars.usnews.com/cars-trucks/hyundai/sonata,"The 2018 Hyundai Sonata sits near the top of our midsize car rankings thanks to its overall competence: It has generous storage, user-friendly tech, ... Read full review »",8.6,"$22,050 - $32,450",25 City / 36 Hwy
https://cars.usnews.com/cars-trucks/rankings/midsize-cars,#4,2018 Ford Fusion,https://cars.usnews.com/cars-trucks/ford/fusion,The 2018 Ford Fusion scores in the upper tier of the midsize car class. It has a very good predicated reliability score and some ... Read full review »,8.6,"$22,215 - $38,990",21 City / 32 Hwy
https://cars.usnews.com/cars-trucks/rankings/midsize-cars,#7,2018 Ford Fusion Hybrid,https://cars.usnews.com/cars-trucks/ford/fusion-hybrid,"The 2018 Ford Fusion Hybrid sits in the top third of the midsize car class. It boasts agile handling, high-quality accommodations, and a range ... Read full review »",8.5,"$25,390 - $37,370",43 City / 41 Hwy
https://cars.usnews.com/cars-trucks/rankings/midsize-cars,#8,2018 Honda Accord Hybrid,https://cars.usnews.com/cars-trucks/honda/accord-hybrid,"The newly redesigned 2018 Honda Accord Hybrid finishes in the middle of our midsize car rankings. It's efficient and practical, but many classmates are ... Read full review »",8.4,"$25,100 - $34,710",47 City / 47 Hwy
https://cars.usnews.com/cars-trucks/rankings/midsize-cars,#9,2018 Kia Optima,https://cars.usnews.com/cars-trucks/kia/optima,"With a user-friendly infotainment system, an array of safety and technology features, and good gas mileage, the 2018 Kia Optima sits in the top ... Read full review »",8.3,"$22,600 - $30,600",25 City / 36 Hwy
https://cars.usnews.com/cars-trucks/rankings/midsize-cars,#9,2017 Hyundai Sonata Hybrid,https://cars.usnews.com/cars-trucks/hyundai/sonata-hybrid,"The 2017 Hyundai Sonata Hybrid features good fuel economy, a comfortable and well-equipped interior, and decent performance. Its lower ranking is less indicative of ... Read full review »",8.3,"$26,000 - $38,600",39 City / 45 Hwy
https://cars.usnews.com/cars-trucks/rankings/midsize-cars,#9,2018 Chevrolet Malibu Hybrid,https://cars.usnews.com/cars-trucks/chevrolet/malibu-hybrid,"The 2018 Chevrolet Malibu Hybrid has a spacious interior, user-friendly features, and solid performance. An average predicted reliability rating, however, keeps this Chevy in ... Read full review »",8.3,"$27,920",49 City / 43 Hwy
https://cars.usnews.com/cars-trucks/rankings/midsize-cars,#9,2018 Chevrolet Malibu,https://cars.usnews.com/cars-trucks/chevrolet/malibu,"The 2018 Chevrolet Malibu shines in the areas of safety, passenger room, and value. Still, its small standard features list and merely average predicted ... Read full review »",8.3,"$21,680 - $31,020",27 City / 36 Hwy
https://cars.usnews.com/cars-trucks/rankings/midsize-cars,#13,2018 Honda Clarity,https://cars.usnews.com/cars-trucks/honda/clarity,"The 2018 Honda Clarity has an upscale interior and highly efficient powertrains, but it can't keep up with the performance of class rivals. With ... Read full review »",8.2,"$33,400 - $36,600",44 (Est) City / 40 (Est) Hwy
https://cars.usnews.com/cars-trucks/rankings/midsize-cars,#14,2018 Volkswagen Passat,https://cars.usnews.com/cars-trucks/volkswagen/passat,The 2018 Volkswagen Passat is a solid car in a class filled with great cars. Though it has loads of room and a smooth ... Read full review »,8.1,"$22,995 - $34,650",25 City / 36 Hwy
https://cars.usnews.com/cars-trucks/rankings/midsize-cars,#15,2018 Buick Regal,https://cars.usnews.com/cars-trucks/buick/regal,"Even with a full redesign, the 2018 Buick Regal finishes close to the bottom of the midsize car class. Though it has more cargo ... Read full review »",8.0,"$24,990 - $39,070",22 City / 32 Hwy
https://cars.usnews.com/cars-trucks/rankings/midsize-cars,#15,2018 Kia Optima Hybrid,https://cars.usnews.com/cars-trucks/kia/optima-hybrid,"The 2018 Kia Optima Hybrid sits near the bottom of our midsize sedan rankings. There's a lot to like about this Kia, but it ... Read full review »",8.0,"$25,995 - $35,210",39 (Est) City / 46 (Est) Hwy
https://cars.usnews.com/cars-trucks/rankings/midsize-cars,#15,2018 Nissan Altima,https://cars.usnews.com/cars-trucks/nissan/altima,"The 2018 Nissan Altima offers excellent fuel economy and comfy seats. Still, it ranks near the back of the midsize car class due to ... Read full review »",8.0,"$23,260 - $33,630",27 City / 38 Hwy
https://cars.usnews.com/cars-trucks/rankings/midsize-cars,#18,2018 Ford Fusion Energi,https://cars.usnews.com/cars-trucks/ford/fusion-energi,"With its low electric range, small trunk area, and lethargic highway acceleration, the 2018 Ford Fusion Energi sits near the bottom of our midsize ... Read full review »",7.9,"$33,400 - $41,400",N/A
https://cars.usnews.com/cars-trucks/rankings/midsize-cars,#19,2018 Subaru Legacy,https://cars.usnews.com/cars-trucks/subaru/legacy,"The 2018 Subaru Legacy finishes near the bottom of our midsize car rankings. This Subaru has a quality interior, but its performance isn’t as ... Read full review »",7.8,"$22,195 - $31,945",25 City / 34 Hwy
