Table_1
url,Date,Weekday,Holiday_Name,Holiday_Name_link,Holiday_Type,Where_It_Is_Observed
https://www.timeanddate.com/holidays/us/,Jan 1,Monday,New Year's Day,https://www.timeanddate.com/holidays/us/new-year-day,Federal Holiday,
https://www.timeanddate.com/holidays/us/,Jan 1,Monday,New Year's Eve observed,https://www.timeanddate.com/holidays/us/new-year-eve,State holiday,"LA, MI, WI"
https://www.timeanddate.com/holidays/us/,Jan 4,Thursday,World Braille Day,https://www.timeanddate.com/holidays/world/world-braille-day,Worldwide observance,
https://www.timeanddate.com/holidays/us/,Jan 6,Saturday,Epiphany,https://www.timeanddate.com/holidays/us/epiphany,Christian,
https://www.timeanddate.com/holidays/us/,Jan 7,Sunday,Orthodox Christmas Day,https://www.timeanddate.com/holidays/us/orthodox-christmas-day,Orthodox,
https://www.timeanddate.com/holidays/us/,Jan 7,Sunday,International Programmers' Day,https://www.timeanddate.com/holidays/world/international-programmers-day,Worldwide observance,
https://www.timeanddate.com/holidays/us/,Jan 12,Friday,Lee Jackson Day,https://www.timeanddate.com/holidays/us/lee-jackson-day,State holiday,Virginia
https://www.timeanddate.com/holidays/us/,Jan 13,Saturday,Stephen Foster Memorial Day,https://www.timeanddate.com/holidays/us/stephen-foster-memorial-day,Observance,
https://www.timeanddate.com/holidays/us/,Jan 14,Sunday,Orthodox New Year,https://www.timeanddate.com/holidays/us/orthodox-new-year,Orthodox,
https://www.timeanddate.com/holidays/us/,Jan 15,Monday,Martin Luther King Jr. Day,https://www.timeanddate.com/holidays/us/martin-luther-king-day,Federal Holiday,
https://www.timeanddate.com/holidays/us/,Jan 15,Monday,Robert E Lee's Birthday,https://www.timeanddate.com/holidays/us/robert-e-lee-birthday,State holiday,"Alabama, Mississippi"
https://www.timeanddate.com/holidays/us/,Jan 15,Monday,Idaho Human Rights Day,https://www.timeanddate.com/holidays/us/idaho-human-rights-day,State holiday,Idaho
https://www.timeanddate.com/holidays/us/,Jan 15,Monday,Civil Rights Day,https://www.timeanddate.com/holidays/us/civil-rights-day,State holiday,"Arizona, New Hampshire"
https://www.timeanddate.com/holidays/us/,Jan 19,Friday,Robert E Lee's Birthday,https://www.timeanddate.com/holidays/us/robert-e-lee-birthday,State holiday,Florida
https://www.timeanddate.com/holidays/us/,Jan 19,Friday,Confederate Memorial Day,https://www.timeanddate.com/holidays/us/confederate-memorial-day,State holiday,Texas
https://www.timeanddate.com/holidays/us/,Jan 21,Sunday,World Religion Day,https://www.timeanddate.com/holidays/world/world-religion-day,Worldwide observance,
https://www.timeanddate.com/holidays/us/,Jan 26,Friday,International Customs Day,https://www.timeanddate.com/holidays/world/international-customs-day,Worldwide observance,
https://www.timeanddate.com/holidays/us/,Jan 27,Saturday,International Day of Commemoration in Memory of the Victims of the Holocaust,https://www.timeanddate.com/holidays/un/commemoration-of-holocaust-victims,United Nations observance,
https://www.timeanddate.com/holidays/us/,Jan 28,Sunday,World Leprosy Day,https://www.timeanddate.com/holidays/world/world-leprosy-day,Worldwide observance,
https://www.timeanddate.com/holidays/us/,Jan 29,Monday,Kansas Day,https://www.timeanddate.com/holidays/us/kansas-day,Observance,
https://www.timeanddate.com/holidays/us/,Jan 31,Wednesday,Tu Bishvat/Tu B'Shevat,https://www.timeanddate.com/holidays/us/tu-bshevat,Jewish holiday,
https://www.timeanddate.com/holidays/us/,Feb 1,Thursday,National Freedom Day,https://www.timeanddate.com/holidays/us/national-freedom-day,Observance,
https://www.timeanddate.com/holidays/us/,Feb 2,Friday,World Wetlands Day,https://www.timeanddate.com/holidays/world/world-wetlands-day,Worldwide observance,
https://www.timeanddate.com/holidays/us/,Feb 2,Friday,Groundhog Day,https://www.timeanddate.com/holidays/us/groundhog-day,Observance,
https://www.timeanddate.com/holidays/us/,Feb 2,Friday,National Wear Red Day,https://www.timeanddate.com/holidays/us/national-wear-red-day,Observance,
https://www.timeanddate.com/holidays/us/,Feb 4,Sunday,World Cancer Day,https://www.timeanddate.com/holidays/un/world-cancer-day,United Nations observance,
https://www.timeanddate.com/holidays/us/,Feb 4,Sunday,Rosa Parks Day,https://www.timeanddate.com/holidays/us/rosa-parks-day,Local observance,"California, Ohio"
https://www.timeanddate.com/holidays/us/,Feb 4,Sunday,Super Bowl,https://www.timeanddate.com/holidays/us/super-bowl,Sporting Event,
https://www.timeanddate.com/holidays/us/,Feb 6,Tuesday,International Day of Zero Tolerance for Female Genital Mutilation,https://www.timeanddate.com/holidays/un/zero-tolerance-day-female-genital-mutilation,United Nations observance,
https://www.timeanddate.com/holidays/us/,Feb 11,Sunday,International Day of Women and Girls in Science,https://www.timeanddate.com/holidays/un/international-day-of-women-and-girls-in-science,United Nations observance,
https://www.timeanddate.com/holidays/us/,Feb 11,Sunday,World Day of the Sick,https://www.timeanddate.com/holidays/world/world-day-of-the-sick,Worldwide observance,
https://www.timeanddate.com/holidays/us/,Feb 12,Monday,Lincoln's Birthday,https://www.timeanddate.com/holidays/us/lincolns-birthday,State holiday,"CT, IL, MO, NY"
https://www.timeanddate.com/holidays/us/,Feb 12,Monday,Lincoln's Birthday,https://www.timeanddate.com/holidays/us/lincolns-birthday,Local observance,Florida
https://www.timeanddate.com/holidays/us/,Feb 13,Tuesday,Maha Shivaratri,https://www.timeanddate.com/holidays/us/hindu-maha-shivaratri,Hindu Holiday,
https://www.timeanddate.com/holidays/us/,Feb 13,Tuesday,World Radio Day,https://www.timeanddate.com/holidays/un/radio-day,United Nations observance,
https://www.timeanddate.com/holidays/us/,Feb 13,Tuesday,Shrove Tuesday/Mardi Gras,https://www.timeanddate.com/holidays/us/shrove-tuesday,Observance,
https://www.timeanddate.com/holidays/us/,Feb 13,Tuesday,Shrove Tuesday/Mardi Gras,https://www.timeanddate.com/holidays/us/shrove-tuesday,State holiday,"Alabama, Louisiana"
https://www.timeanddate.com/holidays/us/,Feb 13,Tuesday,Shrove Tuesday/Mardi Gras,https://www.timeanddate.com/holidays/us/shrove-tuesday,Local observance,Florida
https://www.timeanddate.com/holidays/us/,Feb 14,Wednesday,Ash Wednesday,https://www.timeanddate.com/holidays/us/ash-wednesday,Christian,
https://www.timeanddate.com/holidays/us/,Feb 14,Wednesday,Valentine's Day,https://www.timeanddate.com/holidays/us/valentine-day,Observance,
https://www.timeanddate.com/holidays/us/,Feb 14,Wednesday,Statehood Day in Arizona,https://www.timeanddate.com/holidays/us/arizona-statehood-day,Local observance,Arizona
https://www.timeanddate.com/holidays/us/,Feb 15,Thursday,Susan B Anthony's Birthday,https://www.timeanddate.com/holidays/us/susan-b-anthony-day,Local observance,"CA, FL, NY, WI"
https://www.timeanddate.com/holidays/us/,Feb 16,Friday,Chinese New Year,https://www.timeanddate.com/holidays/us/chinese-new-year,Observance,
https://www.timeanddate.com/holidays/us/,Feb 16,Friday,Elizabeth Peratrovich Day,https://www.timeanddate.com/holidays/us/elizabeth-peratrovich-day,Local observance,Alaska
https://www.timeanddate.com/holidays/us/,Feb 19,Monday,Presidents' Day,https://www.timeanddate.com/holidays/us/washington-birthday,Federal Holiday,"All except DE, GA, IA, IN, KS, KY, LA, NC, NM, RI, WI"
https://www.timeanddate.com/holidays/us/,Feb 19,Monday,Daisy Gatson Bates Day,https://www.timeanddate.com/holidays/us/daisy-gatson-bates-day,State holiday,Arkansas
https://www.timeanddate.com/holidays/us/,Feb 20,Tuesday,World Day of Social Justice,https://www.timeanddate.com/holidays/un/world-social-justice-day,United Nations observance,
https://www.timeanddate.com/holidays/us/,Feb 21,Wednesday,International Mother Language Day,https://www.timeanddate.com/holidays/un/international-mother-language-day,United Nations observance,
https://www.timeanddate.com/holidays/us/,Feb 28,Wednesday,Linus Pauling Day,https://www.timeanddate.com/holidays/us/linus-pauling-day,Local observance,Oregon
https://www.timeanddate.com/holidays/us/,Mar 1,Thursday,Purim,https://www.timeanddate.com/holidays/us/purim,Jewish holiday,
https://www.timeanddate.com/holidays/us/,Mar 1,Thursday,Zero Discrimination Day,https://www.timeanddate.com/holidays/un/zero-discrimination-day,United Nations observance,
https://www.timeanddate.com/holidays/us/,Mar 1,Thursday,Self-Injury Awareness Day,https://www.timeanddate.com/holidays/world/self-injury-awareness-day,Worldwide observance,
https://www.timeanddate.com/holidays/us/,Mar 1,Thursday,St. David's Day,https://www.timeanddate.com/holidays/us/st-david-day,Observance,
https://www.timeanddate.com/holidays/us/,Mar 2,Friday,Holi,https://www.timeanddate.com/holidays/us/hindu-holi,Hindu Holiday,
https://www.timeanddate.com/holidays/us/,Mar 2,Friday,Texas Independence Day,https://www.timeanddate.com/holidays/us/texas-independence-day,State holiday,Texas
https://www.timeanddate.com/holidays/us/,Mar 2,Friday,Read Across America Day,https://www.timeanddate.com/holidays/us/read-across-america-day,Observance,
https://www.timeanddate.com/holidays/us/,Mar 2,Friday,Employee Appreciation Day,https://www.timeanddate.com/holidays/us/employee-appreciation-day,Observance,
https://www.timeanddate.com/holidays/us/,Mar 3,Saturday,World Wildlife Day,https://www.timeanddate.com/holidays/un/world-wildlife-day,United Nations observance,
https://www.timeanddate.com/holidays/us/,Mar 5,Monday,Casimir Pulaski Day,https://www.timeanddate.com/holidays/us/casimir-pulaski-day,State holiday,Illinois
https://www.timeanddate.com/holidays/us/,Mar 6,Tuesday,Town Meeting Day Vermont,https://www.timeanddate.com/holidays/us/town-meeting-day-vermont,State holiday,Vermont
https://www.timeanddate.com/holidays/us/,Mar 8,Thursday,International Women's Day,https://www.timeanddate.com/holidays/un/international-womens-day,United Nations observance,
https://www.timeanddate.com/holidays/us/,Mar 8,Thursday,World Kidney Day,https://www.timeanddate.com/holidays/world/world-kidney-day,Worldwide observance,
https://www.timeanddate.com/holidays/us/,Mar 11,Sunday,Daylight Saving Time starts,https://www.timeanddate.com/time/change/usa/new-york,Clock change/Daylight Saving Time,
https://www.timeanddate.com/holidays/us/,Mar 16,Friday,Evacuation Day observed,https://www.timeanddate.com/holidays/us/evacuation-day,State holiday,Massachusetts
https://www.timeanddate.com/holidays/us/,Mar 17,Saturday,St. Patrick's Day,https://www.timeanddate.com/holidays/us/st-patrick-day,Observance,
https://www.timeanddate.com/holidays/us/,Mar 17,Saturday,Evacuation Day,https://www.timeanddate.com/holidays/us/evacuation-day,State holiday,Massachusetts
https://www.timeanddate.com/holidays/us/,Mar 20,Tuesday,March equinox,https://www.timeanddate.com/calendar/march-equinox.html,Season,
https://www.timeanddate.com/holidays/us/,Mar 20,Tuesday,International Day of Happiness,https://www.timeanddate.com/holidays/un/happiness-day,United Nations observance,
https://www.timeanddate.com/holidays/us/,Mar 21,Wednesday,International Day for the Elimination of Racial Discrimination,https://www.timeanddate.com/holidays/un/world-day-eliminate-racial-discrimination,United Nations observance,
https://www.timeanddate.com/holidays/us/,Mar 21,Wednesday,World Poetry Day,https://www.timeanddate.com/holidays/un/world-poetry-day,United Nations observance,
https://www.timeanddate.com/holidays/us/,Mar 21,Wednesday,International Day of Nowruz,https://www.timeanddate.com/holidays/un/nowruz-day,United Nations observance,
https://www.timeanddate.com/holidays/us/,Mar 21,Wednesday,World Down Syndrome Day,https://www.timeanddate.com/holidays/un/down-syndrome-day,United Nations observance,
https://www.timeanddate.com/holidays/us/,Mar 21,Wednesday,International Day of Forests,https://www.timeanddate.com/holidays/un/forest-day,United Nations observance,
https://www.timeanddate.com/holidays/us/,Mar 22,Thursday,World Water Day,https://www.timeanddate.com/holidays/un/world-water-day,United Nations observance,
https://www.timeanddate.com/holidays/us/,Mar 23,Friday,World Meteorological Day,https://www.timeanddate.com/holidays/un/world-meteorological-day,United Nations observance,
https://www.timeanddate.com/holidays/us/,Mar 24,Saturday,World Tuberculosis Day,https://www.timeanddate.com/holidays/un/world-tuberculosis-day,United Nations observance,
https://www.timeanddate.com/holidays/us/,Mar 24,Saturday,International Day for the Right to the Truth concerning Gross Human Rights Violations and for the Dignity of Victims,https://www.timeanddate.com/holidays/un/human-rights-violations-truth-day,United Nations observance,
https://www.timeanddate.com/holidays/us/,Mar 24,Saturday,Earth Hour,https://www.timeanddate.com/holidays/world/earth-hour,Worldwide observance,
https://www.timeanddate.com/holidays/us/,Mar 25,Sunday,Palm Sunday,https://www.timeanddate.com/holidays/us/palm-sunday,Christian,
https://www.timeanddate.com/holidays/us/,Mar 25,Sunday,International Day of Remembrance of Slavery Victims and the Transatlantic Slave Trade,https://www.timeanddate.com/holidays/un/remembrance-day-transatlantic-slaves,United Nations observance,
https://www.timeanddate.com/holidays/us/,Mar 25,Sunday,International Day of Solidarity with Detained and Missing Staff Members,https://www.timeanddate.com/holidays/un/solidarity-day-missing-detained-staff,United Nations observance,
https://www.timeanddate.com/holidays/us/,Mar 25,Sunday,Maryland Day,https://www.timeanddate.com/holidays/us/maryland-day,Local observance,Maryland
https://www.timeanddate.com/holidays/us/,Mar 26,Monday,Maryland Day observed,https://www.timeanddate.com/holidays/us/maryland-day,Local observance,Maryland
https://www.timeanddate.com/holidays/us/,Mar 26,Monday,Prince Jonah Kuhio Kalanianaole Day,https://www.timeanddate.com/holidays/us/prince-jonah-kuhio-kalanianaole-day,State holiday,Hawaii
https://www.timeanddate.com/holidays/us/,Mar 26,Monday,Seward's Day,https://www.timeanddate.com/holidays/us/sewards-day,State holiday,Alaska
https://www.timeanddate.com/holidays/us/,Mar 29,Thursday,Maundy Thursday,https://www.timeanddate.com/holidays/us/maundy-thursday,Christian,
https://www.timeanddate.com/holidays/us/,Mar 30,Friday,Good Friday,https://www.timeanddate.com/holidays/us/good-friday,State holiday,13 states
https://www.timeanddate.com/holidays/us/,Mar 31,Saturday,Holy Saturday,https://www.timeanddate.com/holidays/us/holy-saturday,Christian,
https://www.timeanddate.com/holidays/us/,Mar 31,Saturday,Passover (first day),https://www.timeanddate.com/holidays/us/first-day-of-passover,Jewish holiday,
https://www.timeanddate.com/holidays/us/,Mar 31,Saturday,César Chávez Day,https://www.timeanddate.com/holidays/us/cesar-chavez-day,State holiday,"CA, CO*, TX*"
https://www.timeanddate.com/holidays/us/,Apr 1,Sunday,April Fool's Day,https://www.timeanddate.com/holidays/world/april-fools-day,Worldwide observance,
https://www.timeanddate.com/holidays/us/,Apr 1,Sunday,Easter Sunday,https://www.timeanddate.com/holidays/us/easter-sunday,"Observance, Christian",
https://www.timeanddate.com/holidays/us/,Apr 2,Monday,World Autism Awareness Day,https://www.timeanddate.com/holidays/un/world-autism-awareness-day,United Nations observance,
https://www.timeanddate.com/holidays/us/,Apr 2,Monday,Easter Monday,https://www.timeanddate.com/holidays/us/easter-monday,Christian,
https://www.timeanddate.com/holidays/us/,Apr 2,Monday,Pascua Florida Day,https://www.timeanddate.com/holidays/us/pascua-florida-day,Local observance,Florida
https://www.timeanddate.com/holidays/us/,Apr 4,Wednesday,United Nations' Mine Awareness Day,https://www.timeanddate.com/holidays/un/mine-awareness-day,United Nations observance,
https://www.timeanddate.com/holidays/us/,Apr 6,Friday,Orthodox Good Friday,https://www.timeanddate.com/holidays/us/orthodox-good-friday,Orthodox,
https://www.timeanddate.com/holidays/us/,Apr 6,Friday,International Day of Sport for Development and Peace,https://www.timeanddate.com/holidays/un/sport-day,United Nations observance,
https://www.timeanddate.com/holidays/us/,Apr 6,Friday,National Tartan Day,https://www.timeanddate.com/holidays/us/national-tartan-day,Observance,
https://www.timeanddate.com/holidays/us/,Apr 7,Saturday,Last Day of Passover,https://www.timeanddate.com/holidays/us/last-day-of-passover,Jewish holiday,
https://www.timeanddate.com/holidays/us/,Apr 7,Saturday,Orthodox Holy Saturday,https://www.timeanddate.com/holidays/us/orthodox-holy-saturday,Orthodox,
https://www.timeanddate.com/holidays/us/,Apr 7,Saturday,United Nations' World Health Day,https://www.timeanddate.com/holidays/un/world-health-day,United Nations observance,
https://www.timeanddate.com/holidays/us/,Apr 7,Saturday,Day of Remembrance of the Victims of the Rwanda Genocide,https://www.timeanddate.com/holidays/un/remember-victims-rwanda-day,United Nations observance,
https://www.timeanddate.com/holidays/us/,Apr 8,Sunday,Orthodox Easter,https://www.timeanddate.com/holidays/us/orthodox-easter-day,Orthodox,
https://www.timeanddate.com/holidays/us/,Apr 9,Monday,Orthodox Easter Monday,https://www.timeanddate.com/holidays/us/orthodox-easter-monday,Orthodox,
https://www.timeanddate.com/holidays/us/,Apr 10,Tuesday,National Library Workers' Day,https://www.timeanddate.com/holidays/us/national-library-workers-day,Observance,
https://www.timeanddate.com/holidays/us/,Apr 11,Wednesday,Yom HaShoah,https://www.timeanddate.com/holidays/us/yom-hashoah,Jewish holiday,
https://www.timeanddate.com/holidays/us/,Apr 12,Thursday,International Day of Human Space Flight,https://www.timeanddate.com/holidays/un/space-flight-day,United Nations observance,
https://www.timeanddate.com/holidays/us/,Apr 13,Friday,Isra and Mi'raj,https://www.timeanddate.com/holidays/us/isra-miraj,Muslim,
https://www.timeanddate.com/holidays/us/,Apr 13,Friday,Friday the 13th,https://www.timeanddate.com/holidays/world/friday-13,Worldwide observance,
https://www.timeanddate.com/holidays/us/,Apr 13,Friday,Thomas Jefferson's Birthday,https://www.timeanddate.com/holidays/us/thomas-jefferson-birthday,Observance,
https://www.timeanddate.com/holidays/us/,Apr 15,Sunday,Father Damien Day,https://www.timeanddate.com/holidays/us/father-damien-day,Local observance,Hawaii
https://www.timeanddate.com/holidays/us/,Apr 16,Monday,Emancipation Day,https://www.timeanddate.com/holidays/us/emancipation-day-dc,State holiday,District of Columbia
https://www.timeanddate.com/holidays/us/,Apr 16,Monday,Patriot's Day,https://www.timeanddate.com/holidays/us/patriots-day,State holiday,"Maine, Massachusetts"
https://www.timeanddate.com/holidays/us/,Apr 17,Tuesday,Tax Day,https://www.timeanddate.com/holidays/us/tax-day,Observance,
https://www.timeanddate.com/holidays/us/,Apr 18,Wednesday,International Day for Monuments and Sites,https://www.timeanddate.com/holidays/world/international-day-for-monuments-and-sites,Worldwide observance,
https://www.timeanddate.com/holidays/us/,Apr 19,Thursday,Yom Ha'atzmaut,https://www.timeanddate.com/holidays/us/yom-haatzmaut,Jewish holiday,
https://www.timeanddate.com/holidays/us/,Apr 20,Friday,Chinese Language Day,https://www.timeanddate.com/holidays/un/chinese-language-day,United Nations observance,
https://www.timeanddate.com/holidays/us/,Apr 20,Friday,Global Youth Service Day,https://www.timeanddate.com/holidays/world/global-youth-service-day,Worldwide observance,
https://www.timeanddate.com/holidays/us/,Apr 21,Saturday,San Jacinto Day,https://www.timeanddate.com/holidays/us/san-jacinto-day,State holiday,Texas
https://www.timeanddate.com/holidays/us/,Apr 22,Sunday,Earth Day,https://www.timeanddate.com/holidays/un/earth-day,United Nations observance,
https://www.timeanddate.com/holidays/us/,Apr 22,Sunday,Oklahoma Day,https://www.timeanddate.com/holidays/us/oklahoma-day,Local observance,Oklahoma
https://www.timeanddate.com/holidays/us/,Apr 23,Monday,World Book and Copyright Day,https://www.timeanddate.com/holidays/un/world-book-day,United Nations observance,
https://www.timeanddate.com/holidays/us/,Apr 23,Monday,English Language Day,https://www.timeanddate.com/holidays/un/english-day,United Nations observance,
https://www.timeanddate.com/holidays/us/,Apr 23,Monday,Confederate Memorial Day,https://www.timeanddate.com/holidays/us/confederate-memorial-day,State holiday,"Alabama, Florida"
https://www.timeanddate.com/holidays/us/,Apr 23,Monday,State Holiday,https://www.timeanddate.com/holidays/us/confederate-memorial-day,State holiday,Georgia
https://www.timeanddate.com/holidays/us/,Apr 25,Wednesday,World Malaria Day,https://www.timeanddate.com/holidays/un/world-malaria-day,United Nations observance,
https://www.timeanddate.com/holidays/us/,Apr 25,Wednesday,Administrative Professionals Day,https://www.timeanddate.com/holidays/us/administrative-professionals-day,Observance,
https://www.timeanddate.com/holidays/us/,Apr 26,Thursday,World Intellectual Property Day,https://www.timeanddate.com/holidays/un/world-intellectual-property-day,United Nations observance,
https://www.timeanddate.com/holidays/us/,Apr 26,Thursday,International Chernobyl Disaster Remembrance Day,https://www.timeanddate.com/holidays/un/international-chernobyl-disaster-remembrance-day,United Nations observance,
https://www.timeanddate.com/holidays/us/,Apr 26,Thursday,Confederate Memorial Day,https://www.timeanddate.com/holidays/us/confederate-memorial-day,Local observance,Florida
https://www.timeanddate.com/holidays/us/,Apr 26,Thursday,Take our Daughters and Sons to Work Day,https://www.timeanddate.com/holidays/us/take-our-daughters-and-sons-to-work-day,Observance,
https://www.timeanddate.com/holidays/us/,Apr 27,Friday,Arbor Day,https://www.timeanddate.com/holidays/us/arbor-day-nebraska,State holiday,Nebraska
https://www.timeanddate.com/holidays/us/,Apr 28,Saturday,World Day for Safety and Health at Work,https://www.timeanddate.com/holidays/un/work-safety-and-health-day,United Nations observance,
https://www.timeanddate.com/holidays/us/,Apr 29,Sunday,Day of Remembrance for all Victims of Chemical Warfare,https://www.timeanddate.com/holidays/un/chemical-warfare-victims-day,United Nations observance,
https://www.timeanddate.com/holidays/us/,Apr 30,Monday,International Jazz Day,https://www.timeanddate.com/holidays/un/jazz-day,United Nations observance,
https://www.timeanddate.com/holidays/us/,Apr 30,Monday,Confederate Memorial Day,https://www.timeanddate.com/holidays/us/confederate-memorial-day,State holiday,Mississippi
https://www.timeanddate.com/holidays/us/,May 1,Tuesday,Law Day,https://www.timeanddate.com/holidays/us/law-day,Observance,
https://www.timeanddate.com/holidays/us/,May 1,Tuesday,Loyalty Day,https://www.timeanddate.com/holidays/us/loyalty-day,Observance,
https://www.timeanddate.com/holidays/us/,May 1,Tuesday,Lei Day,https://www.timeanddate.com/holidays/us/lei-day,Local observance,Hawaii
https://www.timeanddate.com/holidays/us/,May 2,Wednesday,World Tuna Day,https://www.timeanddate.com/holidays/un/world-tuna-day,United Nations observance,
https://www.timeanddate.com/holidays/us/,May 3,Thursday,Lag BaOmer,https://www.timeanddate.com/holidays/us/lag-b-omer,Jewish holiday,
https://www.timeanddate.com/holidays/us/,May 3,Thursday,World Press Freedom Day,https://www.timeanddate.com/holidays/un/world-press-freedom-day,United Nations observance,
https://www.timeanddate.com/holidays/us/,May 3,Thursday,National Day of Prayer,https://www.timeanddate.com/holidays/us/national-day-prayer,Observance,
https://www.timeanddate.com/holidays/us/,May 4,Friday,Kent State Shootings Remembrance,https://www.timeanddate.com/holidays/us/kent-state-shootings-remembrance,Local observance,Ohio
https://www.timeanddate.com/holidays/us/,May 4,Friday,Kentucky Oaks,https://www.timeanddate.com/holidays/us/kentucky-oaks,Sporting Event,
https://www.timeanddate.com/holidays/us/,May 4,Friday,Rhode Island Independence Day,https://www.timeanddate.com/holidays/us/rhode-island-independence-day,Local observance,Rhode Island
https://www.timeanddate.com/holidays/us/,May 5,Saturday,Cinco de Mayo,https://www.timeanddate.com/holidays/us/cinco-de-mayo,Observance,
https://www.timeanddate.com/holidays/us/,May 5,Saturday,National Explosive Ordnance Disposal (EOD) Day,https://www.timeanddate.com/holidays/us/national-explosive-ordnance-disposal-day,Observance,
https://www.timeanddate.com/holidays/us/,May 6,Sunday,National Nurses Day,https://www.timeanddate.com/holidays/us/national-nurses-day,Observance,
https://www.timeanddate.com/holidays/us/,May 8,Tuesday,Time of Remembrance and Reconciliation for Those Who Lost Their Lives during the Second World War,https://www.timeanddate.com/holidays/un/time-remember-wwii-lost-lives,United Nations observance,
https://www.timeanddate.com/holidays/us/,May 8,Tuesday,World Ovarian Cancer Day,https://www.timeanddate.com/holidays/world/world-ovarian-cancer-day,Worldwide observance,
https://www.timeanddate.com/holidays/us/,May 8,Tuesday,Truman Day,https://www.timeanddate.com/holidays/us/truman-day,State holiday,Missouri
https://www.timeanddate.com/holidays/us/,May 8,Tuesday,Primary Election Day West Virginia,https://www.timeanddate.com/holidays/us/primary-election-west-virginia,State holiday,West Virginia
https://www.timeanddate.com/holidays/us/,May 10,Thursday,Ascension Day,https://www.timeanddate.com/holidays/us/ascension-day,Christian,
https://www.timeanddate.com/holidays/us/,May 10,Thursday,Confederate Memorial Day,https://www.timeanddate.com/holidays/us/confederate-memorial-day,State holiday,South Carolina
https://www.timeanddate.com/holidays/us/,May 10,Thursday,Confederate Memorial Day,https://www.timeanddate.com/holidays/us/confederate-memorial-day,Local observance,North Carolina
https://www.timeanddate.com/holidays/us/,May 11,Friday,Military Spouse Appreciation Day,https://www.timeanddate.com/holidays/us/military-spouse-appreciation-day,Observance,
https://www.timeanddate.com/holidays/us/,May 12,Saturday,World Migratory Bird Day,https://www.timeanddate.com/holidays/un/migratory-bird-day,United Nations observance,
https://www.timeanddate.com/holidays/us/,May 12,Saturday,International Nurses Day,https://www.timeanddate.com/holidays/world/nurses-day,Worldwide observance,
https://www.timeanddate.com/holidays/us/,May 13,Sunday,Mother's Day,https://www.timeanddate.com/holidays/us/mothers-day,Observance,
https://www.timeanddate.com/holidays/us/,May 15,Tuesday,International Day of Families,https://www.timeanddate.com/holidays/un/international-day-of-families,United Nations observance,
https://www.timeanddate.com/holidays/us/,May 15,Tuesday,Peace Officers Memorial Day,https://www.timeanddate.com/holidays/us/peace-officers-memorial-day,Observance,
https://www.timeanddate.com/holidays/us/,May 16,Wednesday,Ramadan starts,https://www.timeanddate.com/holidays/us/ramadan-begins,Muslim,
https://www.timeanddate.com/holidays/us/,May 17,Thursday,World Information Society Day,https://www.timeanddate.com/holidays/un/world-information-society-day,United Nations observance,
https://www.timeanddate.com/holidays/us/,May 18,Friday,National Defense Transportation Day,https://www.timeanddate.com/holidays/us/national-defense-transportation-day,Observance,
https://www.timeanddate.com/holidays/us/,May 19,Saturday,Armed Forces Day,https://www.timeanddate.com/holidays/us/armed-forces-day,Observance,
https://www.timeanddate.com/holidays/us/,May 20,Sunday,Pentecost,https://www.timeanddate.com/holidays/us/pentecost,Christian,
https://www.timeanddate.com/holidays/us/,May 20,Sunday,Shavuot,https://www.timeanddate.com/holidays/us/shavuot,Jewish holiday,
https://www.timeanddate.com/holidays/us/,May 20,Sunday,World Autoimmune Arthritis Day,https://www.timeanddate.com/holidays/world/autoimmune-arthritis-day,Worldwide observance,
https://www.timeanddate.com/holidays/us/,May 21,Monday,Whit Monday,https://www.timeanddate.com/holidays/us/whit-monday,Christian,
https://www.timeanddate.com/holidays/us/,May 21,Monday,World Day for Cultural Diversity for Dialogue and Development,https://www.timeanddate.com/holidays/un/world-day-cultural-diversity-dialogue,United Nations observance,
https://www.timeanddate.com/holidays/us/,May 22,Tuesday,International Day for Biological Diversity,https://www.timeanddate.com/holidays/un/international-day-for-biological-diversity,United Nations observance,
https://www.timeanddate.com/holidays/us/,May 22,Tuesday,National Maritime Day,https://www.timeanddate.com/holidays/us/national-maritime-day,Observance,
https://www.timeanddate.com/holidays/us/,May 22,Tuesday,Harvey Milk Day,https://www.timeanddate.com/holidays/us/harvey-milk-day,Local observance,California
https://www.timeanddate.com/holidays/us/,May 23,Wednesday,International Day to End Obstetric Fistula,https://www.timeanddate.com/holidays/un/day-to-end-obstetric-fistula,United Nations observance,
https://www.timeanddate.com/holidays/us/,May 23,Wednesday,Emergency Medical Services for Children Day,https://www.timeanddate.com/holidays/us/medical-service-children-day,Observance,
https://www.timeanddate.com/holidays/us/,May 25,Friday,African Liberation Day,https://www.timeanddate.com/holidays/world/african-liberation-day,Worldwide observance,
https://www.timeanddate.com/holidays/us/,May 25,Friday,National Missing Children's Day,https://www.timeanddate.com/holidays/us/national-missing-children-day,Observance,
https://www.timeanddate.com/holidays/us/,May 27,Sunday,Trinity Sunday,https://www.timeanddate.com/holidays/us/trinity-sunday,Christian,
https://www.timeanddate.com/holidays/us/,May 28,Monday,Memorial Day,https://www.timeanddate.com/holidays/us/memorial-day,Federal Holiday,
https://www.timeanddate.com/holidays/us/,May 28,Monday,Jefferson Davis Birthday,https://www.timeanddate.com/holidays/us/jefferson-davis-birthday,Local observance,Mississippi
https://www.timeanddate.com/holidays/us/,May 29,Tuesday,International Day of United Nations Peacekeepers,https://www.timeanddate.com/holidays/un/day-of-un-peacekeepers,United Nations observance,
https://www.timeanddate.com/holidays/us/,May 29,Tuesday,Day of Vesak,https://www.timeanddate.com/holidays/un/vesak-day,United Nations observance,
https://www.timeanddate.com/holidays/us/,May 31,Thursday,Corpus Christi,https://www.timeanddate.com/holidays/us/corpus-christi,Christian,
https://www.timeanddate.com/holidays/us/,May 31,Thursday,World No Tobacco Day,https://www.timeanddate.com/holidays/un/world-no-tobacco-day,United Nations observance,
https://www.timeanddate.com/holidays/us/,Jun 1,Friday,Global Day of Parents,https://www.timeanddate.com/holidays/un/parents-day,United Nations observance,
https://www.timeanddate.com/holidays/us/,Jun 1,Friday,Statehood Day,https://www.timeanddate.com/holidays/us/statehood-day,Local observance,"Kentucky, Tennessee"
https://www.timeanddate.com/holidays/us/,Jun 3,Sunday,Jefferson Davis Birthday,https://www.timeanddate.com/holidays/us/jefferson-davis-birthday,Local observance,Florida
https://www.timeanddate.com/holidays/us/,Jun 4,Monday,International Day of Innocent Children Victims of Aggression,https://www.timeanddate.com/holidays/un/international-innocent-children-victims-day,United Nations observance,
https://www.timeanddate.com/holidays/us/,Jun 4,Monday,Jefferson Davis Birthday,https://www.timeanddate.com/holidays/us/jefferson-davis-birthday,State holiday,Alabama
https://www.timeanddate.com/holidays/us/,Jun 5,Tuesday,World Environment Day,https://www.timeanddate.com/holidays/un/world-environment-day,United Nations observance,
https://www.timeanddate.com/holidays/us/,Jun 6,Wednesday,D-Day,https://www.timeanddate.com/holidays/us/d-day,Observance,
https://www.timeanddate.com/holidays/us/,Jun 8,Friday,World Oceans Day,https://www.timeanddate.com/holidays/un/oceans-day,United Nations observance,
https://www.timeanddate.com/holidays/us/,Jun 10,Sunday,Lailat al-Qadr,https://www.timeanddate.com/holidays/us/laylat-al-qadr,Muslim,
https://www.timeanddate.com/holidays/us/,Jun 11,Monday,Kamehameha Day,https://www.timeanddate.com/holidays/us/kamehameha-day,State holiday,Hawaii
https://www.timeanddate.com/holidays/us/,Jun 12,Tuesday,World Day Against Child Labour,https://www.timeanddate.com/holidays/un/day-against-child-labour,United Nations observance,
https://www.timeanddate.com/holidays/us/,Jun 13,Wednesday,International Albinism Awareness Day,https://www.timeanddate.com/holidays/un/international-albinism-awareness-day,United Nations observance,
https://www.timeanddate.com/holidays/us/,Jun 14,Thursday,World Blood Donor Day,https://www.timeanddate.com/holidays/un/blood-donor-day,United Nations observance,
https://www.timeanddate.com/holidays/us/,Jun 14,Thursday,Army Birthday,https://www.timeanddate.com/holidays/us/army-birthday,Observance,
https://www.timeanddate.com/holidays/us/,Jun 14,Thursday,Flag Day,https://www.timeanddate.com/holidays/us/flag-day,Observance,
https://www.timeanddate.com/holidays/us/,Jun 15,Friday,Eid al-Fitr,https://www.timeanddate.com/holidays/us/eid-al-fitr,Muslim,
https://www.timeanddate.com/holidays/us/,Jun 15,Friday,World Elder Abuse Awareness Day,https://www.timeanddate.com/holidays/un/elder-abuse-awareness-day,United Nations observance,
https://www.timeanddate.com/holidays/us/,Jun 16,Saturday,International Day of Family Remittances,https://www.timeanddate.com/holidays/un/international-day-of-family-remittances,United Nations observance,
https://www.timeanddate.com/holidays/us/,Jun 17,Sunday,World Day to Combat Desertification and Drought,https://www.timeanddate.com/holidays/un/world-day-to-combat-desertification,United Nations observance,
https://www.timeanddate.com/holidays/us/,Jun 17,Sunday,Father's Day,https://www.timeanddate.com/holidays/us/fathers-day,Observance,
https://www.timeanddate.com/holidays/us/,Jun 17,Sunday,Bunker Hill Day,https://www.timeanddate.com/holidays/us/bunker-hill-day,State holiday,Massachusetts
https://www.timeanddate.com/holidays/us/,Jun 18,Monday,Bunker Hill Day observed,https://www.timeanddate.com/holidays/us/bunker-hill-day,State holiday,Massachusetts
https://www.timeanddate.com/holidays/us/,Jun 19,Tuesday,International Day for the Elimination of Sexual Violence in Conflict,https://www.timeanddate.com/holidays/un/international-day-for-the-elimination-of-sexual-violence-in-conflict,United Nations observance,
https://www.timeanddate.com/holidays/us/,Jun 19,Tuesday,Juneteenth,https://www.timeanddate.com/holidays/us/juneteenth,Local observance,"All except HI, MD, MP, MT, ND, NH, SD, TX, UT"
https://www.timeanddate.com/holidays/us/,Jun 19,Tuesday,Emancipation Day,https://www.timeanddate.com/holidays/us/juneteenth,State holiday,Texas
https://www.timeanddate.com/holidays/us/,Jun 20,Wednesday,World Refugee Day,https://www.timeanddate.com/holidays/un/world-refugee-day,United Nations observance,
https://www.timeanddate.com/holidays/us/,Jun 20,Wednesday,West Virginia Day,https://www.timeanddate.com/holidays/us/west-virginia-day,State holiday,West Virginia
https://www.timeanddate.com/holidays/us/,Jun 20,Wednesday,American Eagle Day,https://www.timeanddate.com/holidays/us/american-eagle-day,Observance,
https://www.timeanddate.com/holidays/us/,Jun 21,Thursday,June Solstice,https://www.timeanddate.com/calendar/june-solstice.html,Season,
https://www.timeanddate.com/holidays/us/,Jun 21,Thursday,International Day of Yoga,https://www.timeanddate.com/holidays/un/international-day-of-yoga,United Nations observance,
https://www.timeanddate.com/holidays/us/,Jun 23,Saturday,Public Service Day,https://www.timeanddate.com/holidays/un/public-service-day,United Nations observance,
https://www.timeanddate.com/holidays/us/,Jun 23,Saturday,International Widows' Day,https://www.timeanddate.com/holidays/un/widow-day,United Nations observance,
https://www.timeanddate.com/holidays/us/,Jun 25,Monday,Day of the Seafarer,https://www.timeanddate.com/holidays/un/seafarer-day,United Nations observance,
https://www.timeanddate.com/holidays/us/,Jun 26,Tuesday,International Day Against Drug Abuse and Illicit Trafficking,https://www.timeanddate.com/holidays/un/international-day-against-drug-abuse,United Nations observance,
https://www.timeanddate.com/holidays/us/,Jun 26,Tuesday,International Day in Support of Victims of Torture,https://www.timeanddate.com/holidays/un/international-day-support-torture-victims,United Nations observance,
https://www.timeanddate.com/holidays/us/,Jun 30,Saturday,International Asteroid Day,https://www.timeanddate.com/holidays/un/international-asteroid-day,United Nations observance,
https://www.timeanddate.com/holidays/us/,Jul 4,Wednesday,Independence Day,https://www.timeanddate.com/holidays/us/independence-day,Federal Holiday,
https://www.timeanddate.com/holidays/us/,Jul 7,Saturday,International Day of Cooperatives,https://www.timeanddate.com/holidays/un/international-day-cooperatives,United Nations observance,
https://www.timeanddate.com/holidays/us/,Jul 11,Wednesday,World Population Day,https://www.timeanddate.com/holidays/un/world-population-day,United Nations observance,
https://www.timeanddate.com/holidays/us/,Jul 13,Friday,Friday the 13th,https://www.timeanddate.com/holidays/world/friday-13,Worldwide observance,
https://www.timeanddate.com/holidays/us/,Jul 15,Sunday,World Youth Skills Day,https://www.timeanddate.com/holidays/un/world-youth-skills-day,United Nations observance,
https://www.timeanddate.com/holidays/us/,Jul 18,Wednesday,Nelson Mandela Day,https://www.timeanddate.com/holidays/un/nelson-mandela-day,United Nations observance,
https://www.timeanddate.com/holidays/us/,Jul 22,Sunday,Tisha B'Av,https://www.timeanddate.com/holidays/us/tisha-b-av,Jewish holiday,
https://www.timeanddate.com/holidays/us/,Jul 22,Sunday,Parents' Day,https://www.timeanddate.com/holidays/us/parents-day,Observance,
https://www.timeanddate.com/holidays/us/,Jul 24,Tuesday,Pioneer Day,https://www.timeanddate.com/holidays/us/pioneer-day,State holiday,Utah
https://www.timeanddate.com/holidays/us/,Jul 27,Friday,National Korean War Veterans Armistice Day,https://www.timeanddate.com/holidays/us/national-korean-war-veterans-armistice-day,Observance,
https://www.timeanddate.com/holidays/us/,Jul 28,Saturday,World Hepatitis Day,https://www.timeanddate.com/holidays/un/hepatitis-day,United Nations observance,
https://www.timeanddate.com/holidays/us/,Jul 30,Monday,International Day of Friendship,https://www.timeanddate.com/holidays/un/friendship-day,United Nations observance,
https://www.timeanddate.com/holidays/us/,Jul 30,Monday,World Day against Trafficking in Persons,https://www.timeanddate.com/holidays/un/world-day-against-trafficking-in-persons,United Nations observance,
https://www.timeanddate.com/holidays/us/,Aug 1,Wednesday,Colorado Day,https://www.timeanddate.com/holidays/us/colorado-day,Local observance,Colorado
https://www.timeanddate.com/holidays/us/,Aug 4,Saturday,Coast Guard Birthday,https://www.timeanddate.com/holidays/us/coast-guard-birthday,Observance,
https://www.timeanddate.com/holidays/us/,Aug 7,Tuesday,Purple Heart Day,https://www.timeanddate.com/holidays/us/purple-heart-day,Observance,
https://www.timeanddate.com/holidays/us/,Aug 9,Thursday,International Day of the World's Indigenous People,https://www.timeanddate.com/holidays/un/international-day-indigenous-people,United Nations observance,
https://www.timeanddate.com/holidays/us/,Aug 12,Sunday,International Youth Day,https://www.timeanddate.com/holidays/un/international-youth-day,United Nations observance,
https://www.timeanddate.com/holidays/us/,Aug 13,Monday,Victory Day,https://www.timeanddate.com/holidays/us/victory-day,State holiday,Rhode Island
https://www.timeanddate.com/holidays/us/,Aug 15,Wednesday,Assumption of Mary,https://www.timeanddate.com/holidays/us/assumption-of-mary,Christian,
https://www.timeanddate.com/holidays/us/,Aug 16,Thursday,Bennington Battle Day,https://www.timeanddate.com/holidays/us/bennington-battle-day,State holiday,Vermont
https://www.timeanddate.com/holidays/us/,Aug 17,Friday,Statehood Day in Hawaii,https://www.timeanddate.com/holidays/us/hawaii-statehood-day,State holiday,Hawaii
https://www.timeanddate.com/holidays/us/,Aug 19,Sunday,World Humanitarian Day,https://www.timeanddate.com/holidays/un/world-humanitarian-day,United Nations observance,
https://www.timeanddate.com/holidays/us/,Aug 19,Sunday,National Aviation Day,https://www.timeanddate.com/holidays/us/national-aviation-day,Observance,
https://www.timeanddate.com/holidays/us/,Aug 21,Tuesday,Senior Citizens Day,https://www.timeanddate.com/holidays/us/senior-citizens-day,Observance,
https://www.timeanddate.com/holidays/us/,Aug 22,Wednesday,Eid al-Adha,https://www.timeanddate.com/holidays/us/eid-al-adha,Muslim,
https://www.timeanddate.com/holidays/us/,Aug 23,Thursday,International Day for the Remembrance of the Slave Trade and its Abolition,https://www.timeanddate.com/holidays/un/international-day-remembrance-of-slave-trade-and-its-abolition,United Nations observance,
https://www.timeanddate.com/holidays/us/,Aug 25,Saturday,Raksha Bandhan,https://www.timeanddate.com/holidays/us/hindu-raksha-bandhan,Hindu Holiday,
https://www.timeanddate.com/holidays/us/,Aug 26,Sunday,Women's Equality Day,https://www.timeanddate.com/holidays/us/women-equality-day,Observance,
https://www.timeanddate.com/holidays/us/,Aug 27,Monday,Lyndon Baines Johnson Day,https://www.timeanddate.com/holidays/us/lyndon-baines-johnson-day,State holiday,Texas
https://www.timeanddate.com/holidays/us/,Aug 29,Wednesday,International Day against Nuclear Tests,https://www.timeanddate.com/holidays/un/day-against-nuclear-tests,United Nations observance,
https://www.timeanddate.com/holidays/us/,Aug 30,Thursday,International Day of the Victims of Enforced Disappearances,https://www.timeanddate.com/holidays/un/enforced-disappearance-victims-day,United Nations observance,
https://www.timeanddate.com/holidays/us/,Aug 31,Friday,International Overdose Awareness Day,https://www.timeanddate.com/holidays/world/international-overdose-awareness-day,Worldwide observance,
https://www.timeanddate.com/holidays/us/,Sep 2,Sunday,Janmashtami,https://www.timeanddate.com/holidays/us/hindu-janmashtami,Hindu Holiday,
https://www.timeanddate.com/holidays/us/,Sep 3,Monday,Labor Day,https://www.timeanddate.com/holidays/us/labor-day,Federal Holiday,
https://www.timeanddate.com/holidays/us/,Sep 4,Tuesday,World Sexual Health Day,https://www.timeanddate.com/holidays/world/world-sexual-health-day,Worldwide observance,
https://www.timeanddate.com/holidays/us/,Sep 5,Wednesday,International Day of Charity,https://www.timeanddate.com/holidays/un/charity-day,United Nations observance,
https://www.timeanddate.com/holidays/us/,Sep 8,Saturday,International Literacy Day,https://www.timeanddate.com/holidays/un/international-literacy-day,United Nations observance,
https://www.timeanddate.com/holidays/us/,Sep 8,Saturday,Carl Garner Federal Lands Cleanup Day,https://www.timeanddate.com/holidays/us/carl-garner-cleanup-day,Observance,
https://www.timeanddate.com/holidays/us/,Sep 9,Sunday,National Grandparents Day,https://www.timeanddate.com/holidays/us/national-grandparents-day,Observance,
https://www.timeanddate.com/holidays/us/,Sep 9,Sunday,California Admission Day,https://www.timeanddate.com/holidays/us/california-admission-day,Local observance,California
https://www.timeanddate.com/holidays/us/,Sep 10,Monday,Rosh Hashana,https://www.timeanddate.com/holidays/us/rosh-hashana,State holiday,Texas
https://www.timeanddate.com/holidays/us/,Sep 10,Monday,Rosh Hashana,https://www.timeanddate.com/holidays/us/rosh-hashana,Jewish holiday,
https://www.timeanddate.com/holidays/us/,Sep 10,Monday,World Suicide Prevention Day,https://www.timeanddate.com/holidays/un/world-suicide-prevention-day,United Nations observance,
https://www.timeanddate.com/holidays/us/,Sep 11,Tuesday,Patriot Day,https://www.timeanddate.com/holidays/us/patriot-day,Observance,
https://www.timeanddate.com/holidays/us/,Sep 12,Wednesday,Ganesh Chaturthi,https://www.timeanddate.com/holidays/us/hindu-ganesh-chaturthi,Hindu Holiday,
https://www.timeanddate.com/holidays/us/,Sep 12,Wednesday,Muharram,https://www.timeanddate.com/holidays/us/muharram-new-year,Muslim,
https://www.timeanddate.com/holidays/us/,Sep 12,Wednesday,International Day for South-South Cooperation,https://www.timeanddate.com/holidays/un/international-south-south-cooperation-day,United Nations observance,
https://www.timeanddate.com/holidays/us/,Sep 13,Thursday,International Programmers' Day,https://www.timeanddate.com/holidays/world/international-programmers-day,Worldwide observance,
https://www.timeanddate.com/holidays/us/,Sep 15,Saturday,International Day of Democracy,https://www.timeanddate.com/holidays/un/international-democracy-day,United Nations observance,
https://www.timeanddate.com/holidays/us/,Sep 15,Saturday,National CleanUp Day,https://www.timeanddate.com/holidays/us/national-cleanup-day,Observance,
https://www.timeanddate.com/holidays/us/,Sep 16,Sunday,International Day for the Preservation of the Ozone Layer,https://www.timeanddate.com/holidays/un/international-ozone-layer-preservation-day,United Nations observance,
https://www.timeanddate.com/holidays/us/,Sep 17,Monday,Constitution Day and Citizenship Day,https://www.timeanddate.com/holidays/us/constitution-citizenship-day,Observance,
https://www.timeanddate.com/holidays/us/,Sep 18,Tuesday,Air Force Birthday,https://www.timeanddate.com/holidays/us/air-force-birthday,Observance,
https://www.timeanddate.com/holidays/us/,Sep 19,Wednesday,Yom Kippur,https://www.timeanddate.com/holidays/us/yom-kippur,State holiday,Texas
https://www.timeanddate.com/holidays/us/,Sep 19,Wednesday,Yom Kippur,https://www.timeanddate.com/holidays/us/yom-kippur,Jewish holiday,
https://www.timeanddate.com/holidays/us/,Sep 21,Friday,International Day of Peace,https://www.timeanddate.com/holidays/un/international-peace-day,United Nations observance,
https://www.timeanddate.com/holidays/us/,Sep 21,Friday,National POW/MIA Recognition Day,https://www.timeanddate.com/holidays/us/pow-mia-recognition-day,Observance,
https://www.timeanddate.com/holidays/us/,Sep 22,Saturday,Emancipation Day,https://www.timeanddate.com/holidays/us/emancipation-day-oh,Local observance,Ohio
https://www.timeanddate.com/holidays/us/,Sep 23,Sunday,September equinox,https://www.timeanddate.com/calendar/september-equinox.html,Season,
https://www.timeanddate.com/holidays/us/,Sep 23,Sunday,International Celebrate Bisexuality Day,https://www.timeanddate.com/holidays/world/celebrate-bisexuality-day,Worldwide observance,
https://www.timeanddate.com/holidays/us/,Sep 24,Monday,First Day of Sukkot,https://www.timeanddate.com/holidays/us/sukkot,Jewish holiday,
https://www.timeanddate.com/holidays/us/,Sep 26,Wednesday,International Day for the Total Elimination of Nuclear Weapons,https://www.timeanddate.com/holidays/un/day-to-eliminate-nuclear-weapons,United Nations observance,
https://www.timeanddate.com/holidays/us/,Sep 27,Thursday,World Maritime Day,https://www.timeanddate.com/holidays/un/world-maritime-day,United Nations observance,
https://www.timeanddate.com/holidays/us/,Sep 27,Thursday,World Tourism Day,https://www.timeanddate.com/holidays/un/world-tourism-day,United Nations observance,
https://www.timeanddate.com/holidays/us/,Sep 28,Friday,World Rabies Day,https://www.timeanddate.com/holidays/un/world-rabies-day,United Nations observance,
https://www.timeanddate.com/holidays/us/,Sep 28,Friday,Native Americans' Day,https://www.timeanddate.com/holidays/us/native-americans-day,Local observance,California
https://www.timeanddate.com/holidays/us/,Sep 29,Saturday,World Heart Day,https://www.timeanddate.com/holidays/world/world-heart-day,Worldwide observance,
https://www.timeanddate.com/holidays/us/,Sep 30,Sunday,Last Day of Sukkot,https://www.timeanddate.com/holidays/us/last-day-of-sukkot,Jewish holiday,
https://www.timeanddate.com/holidays/us/,Sep 30,Sunday,Gold Star Mother's Day,https://www.timeanddate.com/holidays/us/gold-star-mothers-day,Observance,
https://www.timeanddate.com/holidays/us/,Oct 1,Monday,Shmini Atzeret,https://www.timeanddate.com/holidays/us/shmini-atzeret,Jewish holiday,
https://www.timeanddate.com/holidays/us/,Oct 1,Monday,International Day of Older Persons,https://www.timeanddate.com/holidays/un/international-older-persons-day,United Nations observance,
https://www.timeanddate.com/holidays/us/,Oct 1,Monday,World Habitat Day,https://www.timeanddate.com/holidays/un/world-habitat-day,United Nations observance,
https://www.timeanddate.com/holidays/us/,Oct 1,Monday,World Vegetarian Day,https://www.timeanddate.com/holidays/world/world-vegetarian-day,Worldwide observance,
https://www.timeanddate.com/holidays/us/,Oct 1,Monday,Child Health Day,https://www.timeanddate.com/holidays/us/child-health-day,Observance,
https://www.timeanddate.com/holidays/us/,Oct 2,Tuesday,Simchat Torah,https://www.timeanddate.com/holidays/us/simchat-torah,Jewish holiday,
https://www.timeanddate.com/holidays/us/,Oct 2,Tuesday,International Day of Non-Violence,https://www.timeanddate.com/holidays/un/international-nonviolence-day,United Nations observance,
https://www.timeanddate.com/holidays/us/,Oct 3,Wednesday,World Cerebral Palsy Day,https://www.timeanddate.com/holidays/world/world-cerebral-palsy-day,Worldwide observance,
https://www.timeanddate.com/holidays/us/,Oct 4,Thursday,Feast of St Francis of Assisi,https://www.timeanddate.com/holidays/us/st-francis-assisi-feast,Christian,
https://www.timeanddate.com/holidays/us/,Oct 5,Friday,World Teachers' Day,https://www.timeanddate.com/holidays/un/world-teachers-day,United Nations observance,
https://www.timeanddate.com/holidays/us/,Oct 8,Monday,Columbus Day,https://www.timeanddate.com/holidays/us/columbus-day,Local observance,Florida
https://www.timeanddate.com/holidays/us/,Oct 8,Monday,Columbus Day,https://www.timeanddate.com/holidays/us/columbus-day,Federal Holiday,"All except AK, AR, CA, DE, FL, HI, MI, MN, ND, NV, OR, SD, TX, VT, WA, WY"
https://www.timeanddate.com/holidays/us/,Oct 8,Monday,Native Americans' Day,https://www.timeanddate.com/holidays/us/native-americans-day,Local observance,South Dakota
https://www.timeanddate.com/holidays/us/,Oct 8,Monday,Indigenous People's Day,https://www.timeanddate.com/holidays/us/native-americans-day,Local observance,Alaska
https://www.timeanddate.com/holidays/us/,Oct 8,Monday,Indigenous People's Day,https://www.timeanddate.com/holidays/us/native-americans-day,Local observance,"CA*, MN*, WA*"
https://www.timeanddate.com/holidays/us/,Oct 9,Tuesday,Navaratri,https://www.timeanddate.com/holidays/us/hindu-navaratri,Hindu Holiday,
https://www.timeanddate.com/holidays/us/,Oct 9,Tuesday,World Post Day,https://www.timeanddate.com/holidays/un/world-post-day,United Nations observance,
https://www.timeanddate.com/holidays/us/,Oct 9,Tuesday,Leif Erikson Day,https://www.timeanddate.com/holidays/us/leif-erikson-day,Observance,
https://www.timeanddate.com/holidays/us/,Oct 10,Wednesday,International Day for Natural Disaster Reduction,https://www.timeanddate.com/holidays/un/international-day-natural-disaster-reduction,United Nations observance,
https://www.timeanddate.com/holidays/us/,Oct 10,Wednesday,World Mental Health Day,https://www.timeanddate.com/holidays/un/world-mental-health-day,United Nations observance,
https://www.timeanddate.com/holidays/us/,Oct 11,Thursday,International Day of the Girl Child,https://www.timeanddate.com/holidays/un/girl-child-day,United Nations observance,
https://www.timeanddate.com/holidays/us/,Oct 11,Thursday,World Sight Day,https://www.timeanddate.com/holidays/world/world-sight-day,Worldwide observance,
https://www.timeanddate.com/holidays/us/,Oct 13,Saturday,Navy Birthday,https://www.timeanddate.com/holidays/us/navy-birthday,Observance,
https://www.timeanddate.com/holidays/us/,Oct 15,Monday,International Day of Rural Women,https://www.timeanddate.com/holidays/un/rural-women-day,United Nations observance,
https://www.timeanddate.com/holidays/us/,Oct 15,Monday,White Cane Safety Day,https://www.timeanddate.com/holidays/us/white-cane-safety-day,Observance,
https://www.timeanddate.com/holidays/us/,Oct 16,Tuesday,World Food Day,https://www.timeanddate.com/holidays/un/world-food-day,United Nations observance,
https://www.timeanddate.com/holidays/us/,Oct 16,Tuesday,Boss's Day,https://www.timeanddate.com/holidays/us/boss-day,Observance,
https://www.timeanddate.com/holidays/us/,Oct 17,Wednesday,International Day for the Eradication of Poverty,https://www.timeanddate.com/holidays/un/international-day-for-poverty-eradication,United Nations observance,
https://www.timeanddate.com/holidays/us/,Oct 18,Thursday,Dussehra,https://www.timeanddate.com/holidays/us/hindu-dussera,Hindu Holiday,
https://www.timeanddate.com/holidays/us/,Oct 18,Thursday,Alaska Day,https://www.timeanddate.com/holidays/us/alaska-day,State holiday,Alaska
https://www.timeanddate.com/holidays/us/,Oct 20,Saturday,Sweetest Day,https://www.timeanddate.com/holidays/us/sweetest-day,Observance,13 states
https://www.timeanddate.com/holidays/us/,Oct 24,Wednesday,United Nations Day,https://www.timeanddate.com/holidays/un/united-nations-day,United Nations observance,
https://www.timeanddate.com/holidays/us/,Oct 24,Wednesday,World Development Information Day,https://www.timeanddate.com/holidays/un/world-development-information-day,United Nations observance,
https://www.timeanddate.com/holidays/us/,Oct 26,Friday,Nevada Day,https://www.timeanddate.com/holidays/us/nevada-day,State holiday,Nevada
https://www.timeanddate.com/holidays/us/,Oct 27,Saturday,World Day for Audiovisual Heritage,https://www.timeanddate.com/holidays/un/audiovisual-heritage-day,United Nations observance,
https://www.timeanddate.com/holidays/us/,Oct 29,Monday,World Stroke Day,https://www.timeanddate.com/holidays/world/world-stroke-day,Worldwide observance,
https://www.timeanddate.com/holidays/us/,Oct 31,Wednesday,World Cities Day,https://www.timeanddate.com/holidays/un/world-cities-day,United Nations observance,
https://www.timeanddate.com/holidays/us/,Oct 31,Wednesday,Halloween,https://www.timeanddate.com/holidays/us/halloween,Observance,
https://www.timeanddate.com/holidays/us/,Nov 1,Thursday,All Saints' Day,https://www.timeanddate.com/holidays/us/all-saints-day,Christian,
https://www.timeanddate.com/holidays/us/,Nov 1,Thursday,World Vegan Day,https://www.timeanddate.com/holidays/world/world-vegan-day,Worldwide observance,
https://www.timeanddate.com/holidays/us/,Nov 2,Friday,All Souls' Day,https://www.timeanddate.com/holidays/us/all-souls-day,Christian,
https://www.timeanddate.com/holidays/us/,Nov 2,Friday,International Day to End Impunity for Crimes against Journalists,https://www.timeanddate.com/holidays/un/day-to-end-impunity-for-crimes-against-journalists,United Nations observance,
https://www.timeanddate.com/holidays/us/,Nov 4,Sunday,Daylight Saving Time ends,https://www.timeanddate.com/time/change/usa/new-york,Clock change/Daylight Saving Time,
https://www.timeanddate.com/holidays/us/,Nov 6,Tuesday,International Day for Preventing the Exploitation of the Environment in War and Armed Conflict,https://www.timeanddate.com/holidays/un/day-preventing-environment-exploitation-in-war,United Nations observance,
https://www.timeanddate.com/holidays/us/,Nov 6,Tuesday,Election Day,https://www.timeanddate.com/holidays/us/election-day,State holiday,14 states
https://www.timeanddate.com/holidays/us/,Nov 6,Tuesday,Diwali/Deepavali,https://www.timeanddate.com/holidays/us/diwali,Observance,
https://www.timeanddate.com/holidays/us/,Nov 8,Thursday,Return Day Delaware,https://www.timeanddate.com/holidays/us/return-day-delaware,State holiday,Delaware
https://www.timeanddate.com/holidays/us/,Nov 10,Saturday,World Science Day for Peace and Development,https://www.timeanddate.com/holidays/un/world-science-day,United Nations observance,
https://www.timeanddate.com/holidays/us/,Nov 10,Saturday,Marine Corps Birthday,https://www.timeanddate.com/holidays/us/marine-corps-birthday,Observance,
https://www.timeanddate.com/holidays/us/,Nov 11,Sunday,Veterans Day,https://www.timeanddate.com/holidays/us/veterans-day,Federal Holiday,
https://www.timeanddate.com/holidays/us/,Nov 12,Monday,World Pneumonia Day,https://www.timeanddate.com/holidays/world/pneumonia-day,Worldwide observance,
https://www.timeanddate.com/holidays/us/,Nov 12,Monday,Veterans Day observed,https://www.timeanddate.com/holidays/us/veterans-day,Federal Holiday,
https://www.timeanddate.com/holidays/us/,Nov 14,Wednesday,World Diabetes Day,https://www.timeanddate.com/holidays/un/world-diabetes-day,United Nations observance,
https://www.timeanddate.com/holidays/us/,Nov 15,Thursday,World Philosophy Day,https://www.timeanddate.com/holidays/un/world-philosophy-day,United Nations observance,
https://www.timeanddate.com/holidays/us/,Nov 16,Friday,International Day for Tolerance,https://www.timeanddate.com/holidays/un/international-day-tolerance,United Nations observance,
https://www.timeanddate.com/holidays/us/,Nov 17,Saturday,World Prematurity Day,https://www.timeanddate.com/holidays/world/prematurityday,Worldwide observance,
https://www.timeanddate.com/holidays/us/,Nov 18,Sunday,World Day of Remembrance for Road Traffic Victims,https://www.timeanddate.com/holidays/un/world-day-remember-road-victims,United Nations observance,
https://www.timeanddate.com/holidays/us/,Nov 19,Monday,World Toilet Day,https://www.timeanddate.com/holidays/un/toilet-day,United Nations observance,
https://www.timeanddate.com/holidays/us/,Nov 19,Monday,International Men's Day,https://www.timeanddate.com/holidays/world/international-mens-day,Worldwide observance,
https://www.timeanddate.com/holidays/us/,Nov 20,Tuesday,Universal Children's Day,https://www.timeanddate.com/holidays/un/universal-childrens-day,United Nations observance,
https://www.timeanddate.com/holidays/us/,Nov 20,Tuesday,Africa Industrialization Day,https://www.timeanddate.com/holidays/un/africa-industrialization-day,United Nations observance,
https://www.timeanddate.com/holidays/us/,Nov 21,Wednesday,The Prophet's Birthday,https://www.timeanddate.com/holidays/us/prophet-birthday,Muslim,
https://www.timeanddate.com/holidays/us/,Nov 21,Wednesday,World Television Day,https://www.timeanddate.com/holidays/un/world-television-day,United Nations observance,
https://www.timeanddate.com/holidays/us/,Nov 22,Thursday,Thanksgiving Day,https://www.timeanddate.com/holidays/us/thanksgiving-day,Federal Holiday,
https://www.timeanddate.com/holidays/us/,Nov 23,Friday,State Holiday,https://www.timeanddate.com/holidays/us/robert-e-lee-birthday,State holiday,Georgia
https://www.timeanddate.com/holidays/us/,Nov 23,Friday,Presidents' Day,https://www.timeanddate.com/holidays/us/washington-birthday,State holiday,New Mexico
https://www.timeanddate.com/holidays/us/,Nov 23,Friday,Lincoln's Birthday/Lincoln's Day,https://www.timeanddate.com/holidays/us/lincolns-birthday,State holiday,"Indiana, West Virginia"
https://www.timeanddate.com/holidays/us/,Nov 23,Friday,Day After Thanksgiving,https://www.timeanddate.com/holidays/us/day-after-thanksgiving,State holiday,22 states
https://www.timeanddate.com/holidays/us/,Nov 23,Friday,Family Day,https://www.timeanddate.com/holidays/us/day-after-thanksgiving,State holiday,Nevada
https://www.timeanddate.com/holidays/us/,Nov 23,Friday,Black Friday,https://www.timeanddate.com/holidays/us/black-friday,Observance,
https://www.timeanddate.com/holidays/us/,Nov 23,Friday,American Indian Heritage Day,https://www.timeanddate.com/holidays/us/american-indian-heritage-day,State holiday,Maryland
https://www.timeanddate.com/holidays/us/,Nov 25,Sunday,International Day for the Elimination of Violence against Women,https://www.timeanddate.com/holidays/un/eliminate-violence-against-women-day,United Nations observance,
https://www.timeanddate.com/holidays/us/,Nov 26,Monday,Cyber Monday,https://www.timeanddate.com/holidays/us/cyber-monday,Observance,
https://www.timeanddate.com/holidays/us/,Nov 29,Thursday,International Day of Solidarity with the Palestinian People,https://www.timeanddate.com/holidays/un/solidarity-day-palestinian-people,United Nations observance,
https://www.timeanddate.com/holidays/us/,Dec 1,Saturday,World AIDS Day,https://www.timeanddate.com/holidays/un/world-aids-day,United Nations observance,
https://www.timeanddate.com/holidays/us/,Dec 2,Sunday,First Sunday of Advent,https://www.timeanddate.com/holidays/us/first-sunday-advent,Christian,
https://www.timeanddate.com/holidays/us/,Dec 2,Sunday,International Day for the Abolition of Slavery,https://www.timeanddate.com/holidays/un/international-day-abolish-slavery,United Nations observance,
https://www.timeanddate.com/holidays/us/,Dec 3,Monday,Chanukah/Hanukkah (first day),https://www.timeanddate.com/holidays/us/chanukah,Jewish holiday,
https://www.timeanddate.com/holidays/us/,Dec 3,Monday,International Day of Persons with Disabilities,https://www.timeanddate.com/holidays/un/international-day-persons-disabilities,United Nations observance,
https://www.timeanddate.com/holidays/us/,Dec 5,Wednesday,International Volunteer Day for Economic and Social Development,https://www.timeanddate.com/holidays/un/international-volunteer-day,United Nations observance,
https://www.timeanddate.com/holidays/us/,Dec 5,Wednesday,World Soil Day,https://www.timeanddate.com/holidays/un/world-soil-day,United Nations observance,
https://www.timeanddate.com/holidays/us/,Dec 6,Thursday,St Nicholas' Day,https://www.timeanddate.com/holidays/us/st-nicholas-day,Observance,
https://www.timeanddate.com/holidays/us/,Dec 7,Friday,International Civil Aviation Day,https://www.timeanddate.com/holidays/un/international-civil-aviation-day,United Nations observance,
https://www.timeanddate.com/holidays/us/,Dec 7,Friday,Pearl Harbor Remembrance Day,https://www.timeanddate.com/holidays/us/pearl-harbor-remembrance-day,Observance,
https://www.timeanddate.com/holidays/us/,Dec 8,Saturday,Feast of the Immaculate Conception,https://www.timeanddate.com/holidays/us/immaculate-conception,Christian,
https://www.timeanddate.com/holidays/us/,Dec 9,Sunday,International Anti-Corruption Day,https://www.timeanddate.com/holidays/un/international-anti-corruption-day,United Nations observance,
https://www.timeanddate.com/holidays/us/,Dec 9,Sunday,World Genocide Commemoration Day,https://www.timeanddate.com/holidays/un/world-genocide-commemoration-day,United Nations observance,
https://www.timeanddate.com/holidays/us/,Dec 10,Monday,Last Day of Chanukah,https://www.timeanddate.com/holidays/us/last-day-chanukah,Jewish holiday,
https://www.timeanddate.com/holidays/us/,Dec 10,Monday,Human Rights Day,https://www.timeanddate.com/holidays/un/human-rights-day,United Nations observance,
https://www.timeanddate.com/holidays/us/,Dec 11,Tuesday,International Mountain Day,https://www.timeanddate.com/holidays/un/international-mountain-day,United Nations observance,
https://www.timeanddate.com/holidays/us/,Dec 12,Wednesday,Feast of Our Lady of Guadalupe,https://www.timeanddate.com/holidays/us/lady-guadalupe-day,Observance,
https://www.timeanddate.com/holidays/us/,Dec 13,Thursday,National Guard Birthday,https://www.timeanddate.com/holidays/us/national-guard-birthday,Observance,
https://www.timeanddate.com/holidays/us/,Dec 17,Monday,Pan American Aviation Day,https://www.timeanddate.com/holidays/us/pan-american-aviation-day,Observance,
https://www.timeanddate.com/holidays/us/,Dec 17,Monday,Wright Brothers Day,https://www.timeanddate.com/holidays/us/wright-brothers-day,Observance,
https://www.timeanddate.com/holidays/us/,Dec 18,Tuesday,International Migrants Day,https://www.timeanddate.com/holidays/un/international-migrants-day,United Nations observance,
https://www.timeanddate.com/holidays/us/,Dec 18,Tuesday,Arabic Language Day,https://www.timeanddate.com/holidays/un/arabic-language-day,United Nations observance,
https://www.timeanddate.com/holidays/us/,Dec 20,Thursday,International Human Solidarity Day,https://www.timeanddate.com/holidays/un/international-human-solidarity-day,United Nations observance,
https://www.timeanddate.com/holidays/us/,Dec 21,Friday,December Solstice,https://www.timeanddate.com/calendar/december-solstice.html,Season,
https://www.timeanddate.com/holidays/us/,Dec 24,Monday,Christmas Eve,https://www.timeanddate.com/holidays/us/christmas-eve,State holiday,"KS*, LA, MI, NC, ND, OK, SC, TX, VA*, WI"
https://www.timeanddate.com/holidays/us/,Dec 24,Monday,Christmas Eve,https://www.timeanddate.com/holidays/us/christmas-eve,"Observance, Christian",
https://www.timeanddate.com/holidays/us/,Dec 24,Monday,Washington's Birthday,https://www.timeanddate.com/holidays/us/washington-birthday,State holiday,Indiana
https://www.timeanddate.com/holidays/us/,Dec 24,Monday,Washington's Birthday,https://www.timeanddate.com/holidays/us/washington-birthday,State holiday,Georgia
https://www.timeanddate.com/holidays/us/,Dec 25,Tuesday,Christmas Day,https://www.timeanddate.com/holidays/us/christmas-day,Federal Holiday,
https://www.timeanddate.com/holidays/us/,Dec 26,Wednesday,Kwanzaa (until Jan 1),https://www.timeanddate.com/holidays/us/kwanzaa,Observance,
https://www.timeanddate.com/holidays/us/,Dec 26,Wednesday,Day After Christmas Day,https://www.timeanddate.com/holidays/us/day-after-christmas,State holiday,"KS, KY, NC, NH, SC, TX"
https://www.timeanddate.com/holidays/us/,Dec 31,Monday,New Year's Eve,https://www.timeanddate.com/holidays/us/new-year-eve,State holiday,"LA, MI, WI"
https://www.timeanddate.com/holidays/us/,Dec 31,Monday,New Year's Eve,https://www.timeanddate.com/holidays/us/new-year-eve,Observance,
