Apple_Inc._Stock_Report
Key,Value
issue sub type,common stock
"52 week high   ""52 week high"" is the highest sales price the stock has achieved during the regular trading hours during the most recent 52 week period.   ",183.5
"dividend yield   ""dividend yield"" is the indicated yield represents annual dividends divided by current stock price.   ",1.51 %
"p/e ratio   ""p/e ratio"" is the current stock price divided by trailing annual earnings per share or expected annual earnings per share.   ",17.47
"exchange   ""exchange"" is a marketplace in which shares, options and futures on stocks, bonds, commodities, and indexes are traded. principal u.s. stock exchanges are: new york stock exchange (nyse), american stock exchange (amex), and national association of securities dealers automatic quotation system (nasdaq).   ",nasdaq-gs
"52 week low   ""52 week low"" is the lowest sales price the stock has fallen to during the regular trading hours during the most recent 52 week period.   ",140.06
annual dividend,$ 2.52
shares outstanding,"5,074,013,000"
