﻿"url","Stone","Pound"
"https://www.asknumbers.com/stone-to-pound.aspx","1 st","14 lbs"
"https://www.asknumbers.com/stone-to-pound.aspx","2 st","28 lbs"
"https://www.asknumbers.com/stone-to-pound.aspx","3 st","42 lbs"
"https://www.asknumbers.com/stone-to-pound.aspx","4 st","56 lbs"
"https://www.asknumbers.com/stone-to-pound.aspx","5 st","70 lbs"
"https://www.asknumbers.com/stone-to-pound.aspx","6 st","84 lbs"
"https://www.asknumbers.com/stone-to-pound.aspx","7 st","98 lbs"
"https://www.asknumbers.com/stone-to-pound.aspx","8 st","112 lbs"
"https://www.asknumbers.com/stone-to-pound.aspx","9 st","126 lbs"
"https://www.asknumbers.com/stone-to-pound.aspx","10 st","140 lbs"
"https://www.asknumbers.com/stone-to-pound.aspx","11 st","154 lbs"
"https://www.asknumbers.com/stone-to-pound.aspx","12 st","168 lbs"
"https://www.asknumbers.com/stone-to-pound.aspx","13 st","182 lbs"
"https://www.asknumbers.com/stone-to-pound.aspx","14 st","196 lbs"
"https://www.asknumbers.com/stone-to-pound.aspx","15 st","210 lbs"
"https://www.asknumbers.com/stone-to-pound.aspx","16 st","224 lbs"
"https://www.asknumbers.com/stone-to-pound.aspx","17 st","238 lbs"
"https://www.asknumbers.com/stone-to-pound.aspx","18 st","252 lbs"
"https://www.asknumbers.com/stone-to-pound.aspx","19 st","266 lbs"
"https://www.asknumbers.com/stone-to-pound.aspx","20 st","280 lbs"
"https://www.asknumbers.com/stone-to-pound.aspx","21 st","294 lbs"
"https://www.asknumbers.com/stone-to-pound.aspx","22 st","308 lbs"
"https://www.asknumbers.com/stone-to-pound.aspx","23 st","322 lbs"
"https://www.asknumbers.com/stone-to-pound.aspx","24 st","336 lbs"
"https://www.asknumbers.com/stone-to-pound.aspx","25 st","350 lbs"
