SNG_LABS_Locations
City,Address
delray beach – (main office),"16244 south military trail suite 420 delray beach fl, 33486  click here for directions"
orlando,"1118 s. orange ave. #204 orlando, fl 32806-1168  click here for directions"
leesburg,"8112 centralia ct. suite 103 leesburg, fl, 34748  click here for directions"
fort lauderdale,"5333 n dixie hwy oakland park, fl 33334-3414  click here for directions"
north miami beach,"1701 ne 164th st, suite 200 north miami beach, fl 33162-4018  click here for directions"
west palm beach,"bb&t building 2000 palm beach lakes blvd, suite 400 west palm beach, fl 33409  click here for directions"
