﻿"url","Age","Normal heart rate (bpm)"
"https://www.medicalnewstoday.com/articles/235710.php","Up to 1 month","70 to 190"
"https://www.medicalnewstoday.com/articles/235710.php","From 1 to 11 months","80 to 160"
"https://www.medicalnewstoday.com/articles/235710.php","From 1 to 2 years","80 to 130"
"https://www.medicalnewstoday.com/articles/235710.php","From 3 to 4 years","80 to 120"
"https://www.medicalnewstoday.com/articles/235710.php","From 5 to 6 years","75 to 115"
"https://www.medicalnewstoday.com/articles/235710.php","From 7 to 9 years","70 to 110"
"https://www.medicalnewstoday.com/articles/235710.php","Over 10 years","60 to 100"
