﻿"url","Date","Temperature","Description"
"https://www.accuweather.com/en/us/bloomsburg-pa/17815/daily-weather-forecast/335344","Mar 24","22°","Partly cloudy"
"https://www.accuweather.com/en/us/bloomsburg-pa/17815/daily-weather-forecast/335344","Mar 25","46°","Times of clouds and sun"
"https://www.accuweather.com/en/us/bloomsburg-pa/17815/daily-weather-forecast/335344","Mar 26","49°","Plenty of sunshine"
"https://www.accuweather.com/en/us/bloomsburg-pa/17815/daily-weather-forecast/335344","Mar 27","49°","Sunny to partly cloudy"
"https://www.accuweather.com/en/us/bloomsburg-pa/17815/daily-weather-forecast/335344","Mar 28","48°","Cloudy with a shower"
