Table_1
url,Holidays,Holidays_link,Date
https://www.calendardate.com/easter_2018.htm,New Years Day 2018,https://www.calendardate.com/new_years_day_2018.htm,"- Monday, Jan 1"
https://www.calendardate.com/easter_2018.htm,Martin Luther King 2018,https://www.calendardate.com/martin_luther_king_day_2018.htm,"- Monday, Jan 15"
https://www.calendardate.com/easter_2018.htm,Valentines Day 2018,https://www.calendardate.com/valentines_day_2018.htm,"- Wednesday, Feb 14"
https://www.calendardate.com/easter_2018.htm,Presidents Day 2018,https://www.calendardate.com/presidents_day_2018.htm,"- Monday, Feb 19"
https://www.calendardate.com/easter_2018.htm,St. Patrick's Day 2018,https://www.calendardate.com/st_patricks_day_2018.htm,"- Saturday, Mar 17"
https://www.calendardate.com/easter_2018.htm,Easter 2018,https://www.calendardate.com/easter_2018.htm,"- Sunday, Apr 1"
https://www.calendardate.com/easter_2018.htm,Mothers Day 2018,https://www.calendardate.com/mothers_day_2018.htm,"- Sunday, May 13"
https://www.calendardate.com/easter_2018.htm,Memorial Day 2018,https://www.calendardate.com/memorial_day_2018.htm,"- Monday, May 28"
