Table_1
url,Property,Value
http://www.imdb.com/title/tt5095030/,Country:,USA
http://www.imdb.com/title/tt5095030/,Language:,English
http://www.imdb.com/title/tt5095030/,Release Date:,6 July 2018 (USA)
http://www.imdb.com/title/tt5095030/,Also Known As:,Ant-Man 2
http://www.imdb.com/title/tt5095030/,Filming Locations:,"Atlanta, Georgia, USA"
http://www.imdb.com/title/tt5095030/,Production Co:,Marvel Studios
http://www.imdb.com/title/tt5095030/,Sound Mix:,12-Track Digital Sound
http://www.imdb.com/title/tt5095030/,Color:,Color
http://www.imdb.com/title/tt5095030/,Aspect Ratio:,2.39 : 1
