Anniversary_Gifts_By_Year
url,Year,Gift
https://apracticalwedding.com/traditional-modern-anniversary-gift-ideas/,1ST YEAR:,Paper
https://apracticalwedding.com/traditional-modern-anniversary-gift-ideas/,2ND YEAR:,Cotton
https://apracticalwedding.com/traditional-modern-anniversary-gift-ideas/,3RD YEAR:,Leather
https://apracticalwedding.com/traditional-modern-anniversary-gift-ideas/,4TH YEAR:,"Fruit & Flowers, or Linen & Silk"
https://apracticalwedding.com/traditional-modern-anniversary-gift-ideas/,5TH YEAR:,Wood
https://apracticalwedding.com/traditional-modern-anniversary-gift-ideas/,6TH YEAR:,Iron / Candy
https://apracticalwedding.com/traditional-modern-anniversary-gift-ideas/,7TH YEAR:,Wool/ Copper
https://apracticalwedding.com/traditional-modern-anniversary-gift-ideas/,9TH YEAR:,Pottery
https://apracticalwedding.com/traditional-modern-anniversary-gift-ideas/,10TH YEAR:,Tin/ Aluminum
https://apracticalwedding.com/traditional-modern-anniversary-gift-ideas/,11TH YEAR:,Steel
https://apracticalwedding.com/traditional-modern-anniversary-gift-ideas/,12TH YEAR:,Silk
https://apracticalwedding.com/traditional-modern-anniversary-gift-ideas/,13TH YEAR:,Lace
https://apracticalwedding.com/traditional-modern-anniversary-gift-ideas/,14TH YEAR:,Ivory
https://apracticalwedding.com/traditional-modern-anniversary-gift-ideas/,15TH YEAR:,Crystal
https://apracticalwedding.com/traditional-modern-anniversary-gift-ideas/,20TH YEAR:,China
https://apracticalwedding.com/traditional-modern-anniversary-gift-ideas/,25TH YEAR:,Silver
https://apracticalwedding.com/traditional-modern-anniversary-gift-ideas/,30TH YEAR:,Pearl
https://apracticalwedding.com/traditional-modern-anniversary-gift-ideas/,35TH YEAR:,Coral
https://apracticalwedding.com/traditional-modern-anniversary-gift-ideas/,40TH YEAR:,Ruby
https://apracticalwedding.com/traditional-modern-anniversary-gift-ideas/,45TH YEAR:,Sapphire
https://apracticalwedding.com/traditional-modern-anniversary-gift-ideas/,50TH YEAR:,Gold
https://apracticalwedding.com/traditional-modern-anniversary-gift-ideas/,55TH YEAR:,Emerald
https://apracticalwedding.com/traditional-modern-anniversary-gift-ideas/,60TH YEAR:,Diamond
