Groundhog_Day
url,Year,Shadow
http://www.stormfax.com/ghogday.htm,1887,Shadow
http://www.stormfax.com/ghogday.htm,1888,Shadow
http://www.stormfax.com/ghogday.htm,1889,no record
http://www.stormfax.com/ghogday.htm,1890,NO
http://www.stormfax.com/ghogday.htm,1891,no record
http://www.stormfax.com/ghogday.htm,1892,no record
http://www.stormfax.com/ghogday.htm,1893,no record
http://www.stormfax.com/ghogday.htm,1894,no record
http://www.stormfax.com/ghogday.htm,1895,no record
http://www.stormfax.com/ghogday.htm,1896,no record
http://www.stormfax.com/ghogday.htm,1897,no record
http://www.stormfax.com/ghogday.htm,1898,Shadow
http://www.stormfax.com/ghogday.htm,1899,no record
http://www.stormfax.com/ghogday.htm,1900,Shadow
http://www.stormfax.com/ghogday.htm,1901,Shadow
http://www.stormfax.com/ghogday.htm,1902,NO
http://www.stormfax.com/ghogday.htm,1903,Shadow
http://www.stormfax.com/ghogday.htm,1904,Shadow
http://www.stormfax.com/ghogday.htm,1905,Shadow
http://www.stormfax.com/ghogday.htm,1906,Shadow
http://www.stormfax.com/ghogday.htm,1907,Shadow
http://www.stormfax.com/ghogday.htm,1908,Shadow
http://www.stormfax.com/ghogday.htm,1909,Shadow
http://www.stormfax.com/ghogday.htm,1910,Shadow
http://www.stormfax.com/ghogday.htm,1911,Shadow
http://www.stormfax.com/ghogday.htm,1912,Shadow
http://www.stormfax.com/ghogday.htm,1913,Shadow
http://www.stormfax.com/ghogday.htm,1914,Shadow
http://www.stormfax.com/ghogday.htm,1915,Shadow
http://www.stormfax.com/ghogday.htm,1916,Shadow
http://www.stormfax.com/ghogday.htm,1917,Shadow
http://www.stormfax.com/ghogday.htm,1918,Shadow
http://www.stormfax.com/ghogday.htm,1919,Shadow
http://www.stormfax.com/ghogday.htm,1920,Shadow
http://www.stormfax.com/ghogday.htm,1921,Shadow
http://www.stormfax.com/ghogday.htm,1922,Shadow
http://www.stormfax.com/ghogday.htm,1923,Shadow
http://www.stormfax.com/ghogday.htm,1924,Shadow
http://www.stormfax.com/ghogday.htm,1925,Shadow
http://www.stormfax.com/ghogday.htm,1926,Shadow
http://www.stormfax.com/ghogday.htm,1927,Shadow
http://www.stormfax.com/ghogday.htm,1928,Shadow
http://www.stormfax.com/ghogday.htm,1929,Shadow
http://www.stormfax.com/ghogday.htm,1930,Shadow
http://www.stormfax.com/ghogday.htm,1931,Shadow
http://www.stormfax.com/ghogday.htm,1932,Shadow
http://www.stormfax.com/ghogday.htm,1933,Shadow
http://www.stormfax.com/ghogday.htm,1934,NO
http://www.stormfax.com/ghogday.htm,1935,Shadow
http://www.stormfax.com/ghogday.htm,1936,Shadow
http://www.stormfax.com/ghogday.htm,1937,Shadow
http://www.stormfax.com/ghogday.htm,1938,Shadow
http://www.stormfax.com/ghogday.htm,1939,Shadow
http://www.stormfax.com/ghogday.htm,1940,Shadow
http://www.stormfax.com/ghogday.htm,1941,Shadow
http://www.stormfax.com/ghogday.htm,1942,Shadow
http://www.stormfax.com/ghogday.htm,1943,NO
http://www.stormfax.com/ghogday.htm,1944,Shadow
http://www.stormfax.com/ghogday.htm,1945,Shadow
http://www.stormfax.com/ghogday.htm,1946,Shadow
http://www.stormfax.com/ghogday.htm,1947,Shadow
http://www.stormfax.com/ghogday.htm,1948,Shadow
http://www.stormfax.com/ghogday.htm,1949,Shadow
http://www.stormfax.com/ghogday.htm,1950,NO
http://www.stormfax.com/ghogday.htm,1951,Shadow
http://www.stormfax.com/ghogday.htm,1952,Shadow
http://www.stormfax.com/ghogday.htm,1953,Shadow
http://www.stormfax.com/ghogday.htm,1954,Shadow
http://www.stormfax.com/ghogday.htm,1955,Shadow
http://www.stormfax.com/ghogday.htm,1956,Shadow
http://www.stormfax.com/ghogday.htm,1957,Shadow
http://www.stormfax.com/ghogday.htm,1958,Shadow
http://www.stormfax.com/ghogday.htm,1959,Shadow
http://www.stormfax.com/ghogday.htm,1960,Shadow
http://www.stormfax.com/ghogday.htm,1961,Shadow
http://www.stormfax.com/ghogday.htm,1962,Shadow
http://www.stormfax.com/ghogday.htm,1963,Shadow
http://www.stormfax.com/ghogday.htm,1964,Shadow
http://www.stormfax.com/ghogday.htm,1965,Shadow
http://www.stormfax.com/ghogday.htm,1966,Shadow
http://www.stormfax.com/ghogday.htm,1967,Shadow
http://www.stormfax.com/ghogday.htm,1968,Shadow
http://www.stormfax.com/ghogday.htm,1969,Shadow
http://www.stormfax.com/ghogday.htm,1970,NO
http://www.stormfax.com/ghogday.htm,1971,Shadow
http://www.stormfax.com/ghogday.htm,1972,Shadow
http://www.stormfax.com/ghogday.htm,1973,Shadow
http://www.stormfax.com/ghogday.htm,1974,Shadow
http://www.stormfax.com/ghogday.htm,1975,NO
http://www.stormfax.com/ghogday.htm,1976,Shadow
http://www.stormfax.com/ghogday.htm,1977,Shadow
http://www.stormfax.com/ghogday.htm,1978,Shadow
http://www.stormfax.com/ghogday.htm,1979,Shadow
http://www.stormfax.com/ghogday.htm,1980,Shadow
http://www.stormfax.com/ghogday.htm,1981,Shadow
http://www.stormfax.com/ghogday.htm,1982,Shadow
http://www.stormfax.com/ghogday.htm,1983,NO
http://www.stormfax.com/ghogday.htm,1984,Shadow
http://www.stormfax.com/ghogday.htm,1985,Shadow
http://www.stormfax.com/ghogday.htm,1986,NO
http://www.stormfax.com/ghogday.htm,1987,Shadow
http://www.stormfax.com/ghogday.htm,1988,NO
http://www.stormfax.com/ghogday.htm,1989,Shadow
http://www.stormfax.com/ghogday.htm,1990,NO
http://www.stormfax.com/ghogday.htm,1991,Shadow
http://www.stormfax.com/ghogday.htm,1992,Shadow
http://www.stormfax.com/ghogday.htm,1993,Shadow
http://www.stormfax.com/ghogday.htm,1994,Shadow
http://www.stormfax.com/ghogday.htm,1995,NO
http://www.stormfax.com/ghogday.htm,1996,Shadow
http://www.stormfax.com/ghogday.htm,1997,NO
http://www.stormfax.com/ghogday.htm,1998,Shadow
http://www.stormfax.com/ghogday.htm,1999,NO
http://www.stormfax.com/ghogday.htm,2000,Shadow
http://www.stormfax.com/ghogday.htm,2001,Shadow
http://www.stormfax.com/ghogday.htm,2002,Shadow
http://www.stormfax.com/ghogday.htm,2003,Shadow
http://www.stormfax.com/ghogday.htm,2004,Shadow
http://www.stormfax.com/ghogday.htm,2005,Shadow
http://www.stormfax.com/ghogday.htm,2006,Shadow
http://www.stormfax.com/ghogday.htm,2007,NO
http://www.stormfax.com/ghogday.htm,2008,Shadow
http://www.stormfax.com/ghogday.htm,2009,Shadow
http://www.stormfax.com/ghogday.htm,2010,Shadow
http://www.stormfax.com/ghogday.htm,2011,NO Shadow
http://www.stormfax.com/ghogday.htm,2012,Shadow
http://www.stormfax.com/ghogday.htm,2013,NO Shadow
http://www.stormfax.com/ghogday.htm,2014,Shadow
http://www.stormfax.com/ghogday.htm,2015,Shadow
http://www.stormfax.com/ghogday.htm,2016,NO Shadow
http://www.stormfax.com/ghogday.htm,2017,Shadow
http://www.stormfax.com/ghogday.htm,2018,Shadow
