Table_1
url,Property,Value
https://www.space.com/55-earths-moon-formation-composition-and-orbit.html,Average distance from Earth,"Average distance from Earth: 238,855 miles (384,400 km)"
https://www.space.com/55-earths-moon-formation-composition-and-orbit.html,Perigee (closest approach to Earth),"Perigee (closest approach to Earth): 225,700 miles (363,300 km)"
https://www.space.com/55-earths-moon-formation-composition-and-orbit.html,Apogee (farthest distance from Earth),"Apogee (farthest distance from Earth): 252,000 miles (405,500 km)"
https://www.space.com/55-earths-moon-formation-composition-and-orbit.html,Orbit circumference:,"Orbit circumference: 1,499,618.58 miles (2,413,402 km)"
https://www.space.com/55-earths-moon-formation-composition-and-orbit.html,Mean orbit velocity:,"Mean orbit velocity: 2,287 mph (3,680.5 km/h)"
