Brock_Lesnar_Tabe
url,Result,Fighter_1,Fighter_2,Fighter_3,Fighter_3_link,Event_Name_1,Event_Name_2,Event_Name_2_link,Date,Method
http://www.ufc.com/fighter/Brock-Lesnar,NO CONTEST,Brock Lesnar,Mark Hunt,Mark Hunt,http://www.ufc.com/fighter/mark-hunt,UFC 200 Tate vs Nunes:Live on Pay-Per-View,UFC 200 Tate vs Nunes:Live on Pay-Per-View,http://www.ufc.com/event/UFC-200,"Jul 9, 2016",R3 Overturned
http://www.ufc.com/fighter/Brock-Lesnar,Loss,Brock Lesnar,Alistair Overeem,Alistair Overeem,http://www.ufc.com/fighter/Alistair-Overeem,UFC® 141 Live on Pay-Per-View:Lesnar vs. Overeem,UFC® 141 Live on Pay-Per-View:Lesnar vs. Overeem,http://www.ufc.com/event/UFC141,"Dec 30, 2011",R1 KO/TKO
http://www.ufc.com/fighter/Brock-Lesnar,,Brock Lesnar,Cain Velasquez,Cain Velasquez,http://www.ufc.com/fighter/Cain-Velasquez,UFC® 121:LESNAR vs VELASQUEZ,UFC® 121:LESNAR vs VELASQUEZ,http://www.ufc.com/event/UFC121,"Oct 23, 2010",R1 KO/TKO
http://www.ufc.com/fighter/Brock-Lesnar,,Brock Lesnar,Shane Carwin,Shane Carwin,http://www.ufc.com/fighter/Shane-Carwin,UFC® 116:LESNAR vs CARWIN,UFC® 116:LESNAR vs CARWIN,http://www.ufc.com/event/UFC-116-LESNAR-vs-CARWIN,"Jul 3, 2010",R2 Submission
http://www.ufc.com/fighter/Brock-Lesnar,,Brock Lesnar,Frank Mir,Frank Mir,http://www.ufc.com/fighter/Frank-Mir,UFC® 100:Lesnar vs. Mir II,UFC® 100:Lesnar vs. Mir II,http://www.ufc.com/event/UFC-100,"Jul 11, 2009",R2 KO/TKO
http://www.ufc.com/fighter/Brock-Lesnar,,Brock Lesnar,Randy Couture,Randy Couture,http://www.ufc.com/fighter/Randy-Couture,UFC® 91:COUTURE vs LESNAR,UFC® 91:COUTURE vs LESNAR,http://www.ufc.com/event/UFC-91-COUTURE-vs-LESNAR,"Nov 15, 2008",R2 KO/TKO
http://www.ufc.com/fighter/Brock-Lesnar,Win,Brock Lesnar,Heath Herring,Heath Herring,http://www.ufc.com/fighter/Heath-Herring,UFC® 87:SEEK AND DESTROY,UFC® 87:SEEK AND DESTROY,http://www.ufc.com/event/UFC-87-SEEK-AND-DESTROY,"Aug 9, 2008",R3 Decision - Unanimous
http://www.ufc.com/fighter/Brock-Lesnar,Loss,Frank Mir,Brock Lesnar,,,UFC® 81:BREAKING POINT,UFC® 81:BREAKING POINT,http://www.ufc.com/event/UFC-81-BREAKING-POINT,"Feb 2, 2008",R1 Submission
http://www.ufc.com/fighter/Brock-Lesnar,Win,Brock Lesnar,Min Soo Kim,,,K-1 Dynamite!! USA,,,"Jun 2, 2007",R1 KO/TKO
