﻿"url","Model","Engine","Max Power","Torque","Drive","Top Speed","0-100 km/h, 0-62 mph","Emissions CO2"
"https://en.wikipedia.org/wiki/Maserati_Ghibli_(M157)","Ghibli","2,979 cc V6 Twin Turbo petrol","350 PS (257 kW; 345 bhp) at 5000 rpm","500 N⋅m (369 lb⋅ft) between 1750–4500 rpm","RWD","263 km/h (163 mph)","5.6 s","223 g/km"
"https://en.wikipedia.org/wiki/Maserati_Ghibli_(M157)","Ghibli S","2,979 cc V6 Twin Turbo petrol","410 PS (302 kW; 404 bhp) at 5500 rpm","550 N⋅m (406 lb⋅ft) between 1750–5000 rpm","RWD","285 km/h (177 mph)","5 s","243 g/km"
"https://en.wikipedia.org/wiki/Maserati_Ghibli_(M157)","Ghibli S Q4","2,979 cc V6 Twin Turbo petrol","410 PS (302 kW; 404 bhp) at 5500 rpm","550 N⋅m (406 lb⋅ft) between 1750–5000 rpm","AWD","284 km/h (176 mph)","4.8 s","246 g/km"
"https://en.wikipedia.org/wiki/Maserati_Ghibli_(M157)","Ghibli Diesel","2,987 cc V6 Turbo diesel","250 PS (184 kW; 247 bhp) at 4000 rpm","570 N⋅m (420 lb⋅ft) between 2000–2600 rpm","RWD","240 km/h (149 mph)","6.7 s","184 g/km"
"https://en.wikipedia.org/wiki/Maserati_Ghibli_(M157)","Ghibli Diesel","2,987 cc V6 Turbo diesel","275 PS (202 kW; 271 bhp) at 4000 rpm","570 N⋅m (420 lb⋅ft) between 2000–2600 rpm","RWD","250 km/h (155 mph)","6.3 s","184 g/km"
