﻿"url","Acre"
"https://www.thecalculatorsite.com/articles/units/how-big-is-an-acre.php","4046.86 square meters"
"https://www.thecalculatorsite.com/articles/units/how-big-is-an-acre.php","4840 square yards"
"https://www.thecalculatorsite.com/articles/units/how-big-is-an-acre.php","43,560 square feet"
"https://www.thecalculatorsite.com/articles/units/how-big-is-an-acre.php","0.404686 hectares"
"https://www.thecalculatorsite.com/articles/units/how-big-is-an-acre.php","1/640th of a square mile"
