Table_1
url,Feature,iPhone_X_64GB/256GB,iPhone_8_Plus_64GB/256GB,iPhone_8_64GB/256GB,iPhone_7_Plus_32GB/128GB/256GB,iPhone_7_32GB/128GB/256GB
https://www.lifewire.com/compare-iphone-models-1999430,Reviews,n/a,n/a,n/a,n/a,"iPhone 7
Review"
https://www.lifewire.com/compare-iphone-models-1999430,Songs Held,"16,000/
64,000","16,000/
64,000","16,000/
64,000","8,000/
32,000/
64,000","8,000/
32,000/
64,000"
https://www.lifewire.com/compare-iphone-models-1999430,Screen Size*,5.8,5.5,4.7,5.5,4.7
https://www.lifewire.com/compare-iphone-models-1999430,Resolution,2436x1125,1920x1080,1334x750,1920x1080,1334x750
https://www.lifewire.com/compare-iphone-models-1999430,Edge-to-Edge Screen,Yes,No,No,No,No
https://www.lifewire.com/compare-iphone-models-1999430,OLED Screen,Yes,No,No,No,No
https://www.lifewire.com/compare-iphone-models-1999430,HDR Screen,Yes,No,No,No,No
https://www.lifewire.com/compare-iphone-models-1999430,3D Touch,Yes,Yes,Yes,Yes,Yes
https://www.lifewire.com/compare-iphone-models-1999430,Processor,A11 Bionic,A11 Bionic,A11 Bionic,Apple A10,Apple A10
https://www.lifewire.com/compare-iphone-models-1999430,Networks,"Wi-Fi w/ MIMO,
LTE Advanced,
UMTS/
HSPA+/
DC-HSDPA/
3G,
GSM,
CDMA,
Bluetooth 5.0","Wi-Fi w/ MIMO,
LTE Advanced,
UMTS/
HSPA+/
DC-HSDPA/
3G,
GSM,
CDMA,
Bluetooth 5.0","Wi-Fi w/ MIMO,
LTE Advanced,
UMTS/
HSPA+/
DC-HSDPA/
3G,
GSM,
CDMA,
Bluetooth 5.0","Wi-Fi w/ MIMO,
LTE Advanced,
UMTS/
HSDPA/
HSUPA/
3G,
GSM,
CDMA,
Bluetooth 4.2","Wi-Fi w/ MIMO,
LTE Advanced,
UMTS/
HSDPA/
HSUPA/
3G,
GSM,
CDMA,
Bluetooth 4.2"
https://www.lifewire.com/compare-iphone-models-1999430,Carrier,"AT&T,
Sprint,
T-Mobile,
Verizon","AT&T,
Sprint,
T-Mobile,
Verizon","AT&T,
Sprint,
T-Mobile,
Verizon","AT&T,
Sprint,
T-Mobile,
Verizon","AT&T,
Sprint,
T-Mobile,
Verizon"
https://www.lifewire.com/compare-iphone-models-1999430,A-GPS,Yes,Yes,Yes,Yes,Yes
https://www.lifewire.com/compare-iphone-models-1999430,Max. OS,iOS 11,iOS 11,iOS 11,iOS 11,iOS 11
https://www.lifewire.com/compare-iphone-models-1999430,Camera**,"2
cameras:
12 & 7","2
cameras:
12 & 7","2
cameras:
12 & 7","2
cameras:
12 & 7","2
cameras:
12 & 7"
https://www.lifewire.com/compare-iphone-models-1999430,"Wide-angle &
Telephoto",Yes,Yes,Telephoto,Yes,Telephoto
https://www.lifewire.com/compare-iphone-models-1999430,"Records
Video","4K HD
at 30 and 60 fps
1080p
at 120 & 240 fps","4K HD
at 30 & 60 fps
1080p
at 120 & 240 fps","4K HD
at 30 & 60 fps
1080p
at 120 & 240 fps","4K HD
at 30 fps","4K HD
at 30 fps"
https://www.lifewire.com/compare-iphone-models-1999430,,Yes,Yes,Yes,Yes,Yes
https://www.lifewire.com/compare-iphone-models-1999430,Portrait Mode,Both cameras,Both cameras,Both cameras,Back camera,No
https://www.lifewire.com/compare-iphone-models-1999430,,Yes,Yes,Yes,Yes,Yes
https://www.lifewire.com/compare-iphone-models-1999430,Touch ID,No,2nd Gen.,2nd Gen.,2nd Gen.,2nd Gen.
https://www.lifewire.com/compare-iphone-models-1999430,FaceID,Yes,No,No,No,No
https://www.lifewire.com/compare-iphone-models-1999430,NFC,Yes,Yes,Yes,Yes,Yes
https://www.lifewire.com/compare-iphone-models-1999430,Siri,Yes,Yes,Yes,Yes,Yes
https://www.lifewire.com/compare-iphone-models-1999430,"Water & Dust
Resistant",Yes,Yes,Yes,Yes,Yes
https://www.lifewire.com/compare-iphone-models-1999430,"Headphone
Jack",No,No,No,No,No
https://www.lifewire.com/compare-iphone-models-1999430,"Weight
(ounces)",6.14,7.13,5.22,6.63,4.87
https://www.lifewire.com/compare-iphone-models-1999430,"Size
(inches)","5.65
x 2.79
x 0.30","6.24
x 3.07
x 0.30","5.45
x 2.64
x 0.29","6.23 
x 3.07
x 0.29","5.44 
x 2.64
x 0.28"
https://www.lifewire.com/compare-iphone-models-1999430,,Yes,Yes,Yes,No,No
https://www.lifewire.com/compare-iphone-models-1999430,Battery Life,"Talk: 21
Video: 13
Web: 12
Audio: 50","Talk: 21
Video: 14
Web: 13
Audio: 60","Talk: 14
Video: 13
Web: 12
Audio: 40","Talk: 21
Video: 14
Web: 15
Audio: 60","Talk: 14
Video: 13
Web: 13
Audio: 40"
https://www.lifewire.com/compare-iphone-models-1999430,Colors,"Silver
Space Gray","Gold
Silver
Space Gray","Gold
Silver
Space Gray","Black,
Jet Black,
Silver,
Gold,
Rose Gold,
Red","Black,
Jet Black,
Silver,
Gold,
Rose Gold,
Red"
https://www.lifewire.com/compare-iphone-models-1999430,Price,"US$999
$1149","$799
$949","$699
$849","$769
$869
$969","$649
$749
$849"
