Table_1
url,Property,Value
https://en.wikipedia.org/wiki/Electronic_Entertainment_Expo_2018,Genre,Video games
https://en.wikipedia.org/wiki/Electronic_Entertainment_Expo_2018,Begins,"June 12, 2018"
https://en.wikipedia.org/wiki/Electronic_Entertainment_Expo_2018,Ends,"June 14, 2018"
https://en.wikipedia.org/wiki/Electronic_Entertainment_Expo_2018,Venue,Los Angeles Convention Center
https://en.wikipedia.org/wiki/Electronic_Entertainment_Expo_2018,Location(s),"Los Angeles, California"
https://en.wikipedia.org/wiki/Electronic_Entertainment_Expo_2018,Country,United States
https://en.wikipedia.org/wiki/Electronic_Entertainment_Expo_2018,Previous event,Electronic Entertainment Expo 2017
https://en.wikipedia.org/wiki/Electronic_Entertainment_Expo_2018,Organized by,Entertainment Software Association
https://en.wikipedia.org/wiki/Electronic_Entertainment_Expo_2018,Filing status,Non-profit
