Table_1
url,City,Address,Phone_Number
https://usable.darbydental.com/scripts/reachout.aspx,"Jericho, NY","300 Jericho Quadrangle
 Jericho, NY 11753",1-(800) 645-2310
https://usable.darbydental.com/scripts/reachout.aspx,"Coral Springs, FL","3300 University Drive 
Suite 250
 Coral Springs, FL 33065",1-(800) 448-7323
https://usable.darbydental.com/scripts/reachout.aspx,"DePere, WI","310 North Wisconsin Street
Suite C
 DePere, WI 54115",1-(866) 309-9471
https://usable.darbydental.com/scripts/reachout.aspx,"Chandler, AZ","1850 East Northrop Boulevard
 Suite 100
 Chandler, AZ 85286",1-(800) 645-2310
https://usable.darbydental.com/scripts/reachout.aspx,"Memphis, TN","4460 Holmes Road
 Memphis, TN 38118",1-(800) 645-2310
