Table_1
url,Key,Value
http://www.goddessgift.com/goddess-myths/goddess-symbols-Brigid.htm,General:,"Fire (especially sparks, sudden flames), hearth, forge, light, candles, sunrise, springs and wells, poetry, whistling, embroidery, arrows, bells, thresholds and doorways, sandstone rock formations (ex. large monoliths like those found at Stonehenge), bells, St. Brigid's cross, cloak, midwifery, middle of winter (Imbolc), corn dolls, and the number 19"
http://www.goddessgift.com/goddess-myths/goddess-symbols-Brigid.htm,Animals:,"Lambs and ewes, dairy cows, bees, owls, serpents (especially two entwined), and all hibernating animals (ex. snakes, badgers, groundhogs)"
http://www.goddessgift.com/goddess-myths/goddess-symbols-Brigid.htm,Plants:,"Dandelion, snowdrops, crocus, trillium, acorns and oak tree, corn, oats, sage, pumpkin seeds, heather, chamomile, broom, shamrock, rushes, straw, and all field flowers"
http://www.goddessgift.com/goddess-myths/goddess-symbols-Brigid.htm,Perfumes,"Heather, wisteria, violet, lavender, lemon verbena, and heliotrope"
http://www.goddessgift.com/goddess-myths/goddess-symbols-Brigid.htm,Gems and Metals:,"Gold, brass, silver, carnelian, agate, copper,
 amethyst, jasper, and rock crystallazuli to open the throat chakra."
http://www.goddessgift.com/goddess-myths/goddess-symbols-Brigid.htm,Colors:,"White, yellow, black, and red"
