﻿"url","Distance from Los Angeles","Distance from Los Angeles_link","Distance"
"https://www.distancefromto.net/distance-from-los-angeles-us-to-san-francisco-us","Distance from Los Angeles to San Francisco","https://www.distancefromto.net/distance-from-los-angeles-us-to-san-francisco-us","559 km"
"https://www.distancefromto.net/distance-from-los-angeles-us-to-san-francisco-us","Distance from Los Angeles to Santa Monica","https://www.distancefromto.net/distance-from-los-angeles-us-to-santa-monica-us","23 km"
"https://www.distancefromto.net/distance-from-los-angeles-us-to-san-francisco-us","Distance from Los Angeles to Newport Beach","https://www.distancefromto.net/distance-from-los-angeles-us-to-newport-beach-us","56 km"
"https://www.distancefromto.net/distance-from-los-angeles-us-to-san-francisco-us","Distance from Los Angeles to San Jose","https://www.distancefromto.net/distance-from-los-angeles-us-to-san-jose-us","492 km"
"https://www.distancefromto.net/distance-from-los-angeles-us-to-san-francisco-us","Distance from Los Angeles to Santa Cruz","https://www.distancefromto.net/distance-from-los-angeles-us-to-santa-cruz-us","472 km"
